Name,Price,Image URL,Link
SUPREME x Hanes/plain thin t-shirt/29239 - 867 50,$90,https://media-assets.grailed.com/prd/listing/temp/8be34497849f4c73bbd43d626fc8a515?w=240&h=320&fit=clip&auto=format,https://www.grailed.com/listings/58373041-hanes-x-supreme-supreme-x-hanes-plain-thin-t-shirt-29239-867-50?g_aidx=Listing_production&g_aqid=c6614bb9395ba9794a6fff8cc7ba7d3a
The north face,$162,https://media-assets.grailed.com/prd/listing/temp/b364cb8d9f4a45539fb0cde8862e594e?w=240&h=320&fit=clip&auto=format,https://www.grailed.com/listings/57996108-supreme-x-the-north-face-the-north-face?g_aidx=Listing_production&g_aqid=c6614bb9395ba9794a6fff8cc7ba7d3a
Supreme Hanes Boxer Brief in fluorescent yellow- 1 pair- (M),$22,https://media-assets.grailed.com/prd/listing/44737363/d87633f30d114266a4e74bc8fcdb62ba?w=240&h=320&fit=clip&auto=format,https://www.grailed.com/listings/44737363-hanes-x-supreme-supreme-hanes-boxer-brief-in-fluorescent-yellow-1-pair-m?g_aidx=Listing_production&g_aqid=c6614bb9395ba9794a6fff8cc7ba7d3a
Vintage Supreme King Tubby distressed Tee Shirt,$145,https://media-assets.grailed.com/prd/listing/36855403/2fdfb37597b04bdea9d8152ece4986dc?w=240&h=320&fit=clip&auto=format,https://www.grailed.com/listings/57810032-streetwear-x-supreme-x-vintage-vintage-supreme-king-tubby-distressed-tee-shirt?g_aidx=Listing_production&g_aqid=c6614bb9395ba9794a6fff8cc7ba7d3a
Supreme Loose Gauge Beanie Kaki O/S (one size),$89,https://media-assets.grailed.com/prd/listing/36702106/237ae3be5c824378853c9dcbc0c8a1f8?w=240&h=320&fit=clip&auto=format,https://www.grailed.com/listings/58386680-supreme-supreme-loose-gauge-beanie-kaki-o-s-one-size?g_aidx=Listing_production&g_aqid=c6614bb9395ba9794a6fff8cc7ba7d3a
Supreme Floating Keychain Black FW23,$31,https://media-assets.grailed.com/prd/listing/temp/002d30b8720d49aab9ecae46bfc65c43?w=240&h=320&fit=clip&auto=format,https://www.grailed.com/listings/56570131-supreme-supreme-floating-keychain-black-fw23?g_aidx=Listing_production&g_aqid=c6614bb9395ba9794a6fff8cc7ba7d3a
Supreme SS18 Chicken Dinner Tee,$50,https://media-assets.grailed.com/prd/listing/43938045/9997381efd564d12853c4dbf2052e001?w=240&h=320&fit=clip&auto=format,https://www.grailed.com/listings/57102656-supreme-supreme-ss18-chicken-dinner-tee?g_aidx=Listing_production&g_aqid=c6614bb9395ba9794a6fff8cc7ba7d3a
Supreme SS19 Hard Goods Tee,$45,https://media-assets.grailed.com/prd/listing/temp/714e17657fb04a7f94c98e5aa66498f6?w=240&h=320&fit=clip&auto=format,https://www.grailed.com/listings/57102773-supreme-supreme-ss19-hard-goods-tee?g_aidx=Listing_production&g_aqid=c6614bb9395ba9794a6fff8cc7ba7d3a
Supreme Spitfire Tee SS18,$45,https://media-assets.grailed.com/prd/listing/41940695/4dc07b99cb8a468fb0c3d0e103ec71f4?w=240&h=320&fit=clip&auto=format,https://www.grailed.com/listings/57102758-supreme-supreme-spitfire-tee-ss18?g_aidx=Listing_production&g_aqid=c6614bb9395ba9794a6fff8cc7ba7d3a
Supreme FW19 Inc Tee,$50,https://media-assets.grailed.com/prd/listing/temp/d380ebce88b14ca4a6267c7f2f6e7b7b?w=240&h=320&fit=clip&auto=format,https://www.grailed.com/listings/57102738-supreme-supreme-fw19-inc-tee?g_aidx=Listing_production&g_aqid=c6614bb9395ba9794a6fff8cc7ba7d3a
Supreme FW19 Dead Prez Tee,$50,https://media-assets.grailed.com/prd/listing/temp/8bbdd9365e9949108d52b534359a4880?w=240&h=320&fit=clip&auto=format,https://www.grailed.com/listings/57102699-supreme-supreme-fw19-dead-prez-tee?g_aidx=Listing_production&g_aqid=c6614bb9395ba9794a6fff8cc7ba7d3a
Supreme SS18 Gonz logo Tee,$45,https://media-assets.grailed.com/prd/listing/temp/7a4f821aa8794012a5152f2e701f953a?w=240&h=320&fit=clip&auto=format,https://www.grailed.com/listings/57102750-supreme-supreme-ss18-gonz-logo-tee?g_aidx=Listing_production&g_aqid=c6614bb9395ba9794a6fff8cc7ba7d3a
Supreme St. Ides Tee SS16,$50,https://media-assets.grailed.com/prd/listing/42228159/dc4362d92bf142c6ba804af846ebbdb2?w=240&h=320&fit=clip&auto=format,https://www.grailed.com/listings/57102724-supreme-supreme-st-ides-tee-ss16?g_aidx=Listing_production&g_aqid=c6614bb9395ba9794a6fff8cc7ba7d3a
SupremeAW22 Alien Tee,$50,https://media-assets.grailed.com/prd/listing/43938010/d28d2bfdb7864ab0a37e993853e2406e?w=240&h=320&fit=clip&auto=format,https://www.grailed.com/listings/57102719-supreme-supremeaw22-alien-tee?g_aidx=Listing_production&g_aqid=c6614bb9395ba9794a6fff8cc7ba7d3a
Supreme SS18 Gonz Logo Tee,$50,https://media-assets.grailed.com/prd/listing/temp/974ec79369354c8f8d213fabe61129c7?w=240&h=320&fit=clip&auto=format,https://www.grailed.com/listings/57102668-supreme-supreme-ss18-gonz-logo-tee?g_aidx=Listing_production&g_aqid=c6614bb9395ba9794a6fff8cc7ba7d3a
Supreme FW20 Classics Tee,$50,https://media-assets.grailed.com/prd/listing/temp/ab47e8ff409c4bb8b9dda7e667d18bd3?w=240&h=320&fit=clip&auto=format,https://www.grailed.com/listings/57102708-supreme-supreme-fw20-classics-tee?g_aidx=Listing_production&g_aqid=c6614bb9395ba9794a6fff8cc7ba7d3a
supreme world famous crewneck,$87,https://media-assets.grailed.com/prd/listing/temp/97a8f55fc3dd4721ba2391bfd96c7c0b?w=240&h=320&fit=clip&auto=format,https://www.grailed.com/listings/57740936-supreme-supreme-world-famous-crewneck?g_aidx=Listing_production&g_aqid=50a7c9d25b361f533d932085db4f3db7
Supreme SS/21 Supreme Royal Logo-Patch Backpack,$675,https://media-assets.grailed.com/prd/listing/temp/4bb01c2aedef412cbeaf2e221d36aad9?w=240&h=320&fit=clip&auto=format,https://www.grailed.com/listings/56699938-supreme-supreme-ss-21-supreme-royal-logo-patch-backpack?g_aidx=Listing_production&g_aqid=50a7c9d25b361f533d932085db4f3db7
Supreme tee peach size xl,$49,https://media-assets.grailed.com/prd/listing/temp/49281f50af144fe2a843395cd8322a34?w=240&h=320&fit=clip&auto=format,https://www.grailed.com/listings/58418489-streetwear-x-supreme-supreme-tee-peach-size-xl?g_aidx=Listing_production&g_aqid=50a7c9d25b361f533d932085db4f3db7
Supreme Small Box Logo Tee,$12,https://media-assets.grailed.com/prd/listing/26006404/d13e09113d3e49439bf0ac17fa0e0a1b?w=240&h=320&fit=clip&auto=format,https://www.grailed.com/listings/26006404-hanes-x-supreme-supreme-small-box-logo-tee?g_aidx=Listing_production&g_aqid=50a7c9d25b361f533d932085db4f3db7
Gilbert and George DEATH Tee,$89,https://media-assets.grailed.com/prd/misc/278865a2e0f14d5f9724a65731535caf?w=240&h=320&fit=clip&auto=format,https://www.grailed.com/listings/56534439-supreme-gilbert-and-george-death-tee?g_aidx=Listing_production&g_aqid=50a7c9d25b361f533d932085db4f3db7
Supreme Hanes Boxer Brief in fluorescent yellow- 1 pair- (M),$22,https://media-assets.grailed.com/prd/listing/44737329/0da97bbe7ed54b8299c465469b79e3b1?w=240&h=320&fit=clip&auto=format,https://www.grailed.com/listings/44737329-hanes-x-supreme-supreme-hanes-boxer-brief-in-fluorescent-yellow-1-pair-m?g_aidx=Listing_production&g_aqid=50a7c9d25b361f533d932085db4f3db7
Supreme Swimmers T-Shirt - White - Size Large,$94,https://media-assets.grailed.com/prd/listing/temp/68ac9c97755046528ca29cd221fd183c?w=240&h=320&fit=clip&auto=format,https://www.grailed.com/listings/56534431-supreme-supreme-swimmers-t-shirt-white-size-large?g_aidx=Listing_production&g_aqid=50a7c9d25b361f533d932085db4f3db7
Supreme Thrasher Hooded Sweatshirt,$144,https://media-assets.grailed.com/prd/listing/temp/8017c00759ae4beda81c0a1a7b604889?w=240&h=320&fit=clip&auto=format,https://www.grailed.com/listings/58022896-supreme-x-thrasher-supreme-thrasher-hooded-sweatshirt?g_aidx=Listing_production&g_aqid=50a7c9d25b361f533d932085db4f3db7
Supreme Hellraiser Pinhead t shirt white SS18,$247,https://media-assets.grailed.com/prd/misc/fc2386f052d44ca39cf6709f10912715?w=240&h=320&fit=clip&auto=format,https://www.grailed.com/listings/57539832-supreme-supreme-hellraiser-pinhead-t-shirt-white-ss18?g_aidx=Listing_production&g_aqid=50a7c9d25b361f533d932085db4f3db7
Supreme Children T-Shirt / DS,$44,https://media-assets.grailed.com/prd/listing/temp/9b066bfea95e4445b688848114bf8f84?w=240&h=320&fit=clip&auto=format,https://www.grailed.com/listings/58333382-supreme-supreme-children-t-shirt-ds?g_aidx=Listing_production&g_aqid=50a7c9d25b361f533d932085db4f3db7
Supreme x Cdg box logo size large,$87,https://media-assets.grailed.com/prd/listing/temp/d7b9fd9443b6424988d7d2c3c27d9d16?w=240&h=320&fit=clip&auto=format,https://www.grailed.com/listings/57717466-cdg-cdg-cdg-x-streetwear-x-supreme-supreme-x-cdg-box-logo-size-large?g_aidx=Listing_production&g_aqid=50a7c9d25b361f533d932085db4f3db7
Supreme X Dr. Martin X Undercover Oxford 3 eye shoes,$91,https://media-assets.grailed.com/prd/listing/39207644/10009e4c411849f28e0ee752a035d965?w=240&h=320&fit=clip&auto=format,https://www.grailed.com/listings/52624253-dr-martens-x-supreme-x-undercover-supreme-x-dr-martin-x-undercover-oxford-3-eye-shoes?g_aidx=Listing_production&g_aqid=50a7c9d25b361f533d932085db4f3db7
Vintage Supreme 2017 Brush Logo Heavyweight White Hoodie,$198,https://media-assets.grailed.com/prd/listing/temp/e3e82268fb8c4031b569cc41c3eae57b?w=240&h=320&fit=clip&auto=format,https://www.grailed.com/listings/58046900-streetwear-x-supreme-x-vintage-vintage-supreme-2017-brush-logo-heavyweight-white-hoodie?g_aidx=Listing_production&g_aqid=50a7c9d25b361f533d932085db4f3db7
Supreme Hanes Boxer Brief- 1 pair (L),$25,https://media-assets.grailed.com/prd/listing/45379608/03de573eda9b4ef081b9027aedccb20e?w=240&h=320&fit=clip&auto=format,https://www.grailed.com/listings/45379608-hanes-x-supreme-supreme-hanes-boxer-brief-1-pair-l?g_aidx=Listing_production&g_aqid=d1f9094dd805ada2834a60d19419f189
Supreme fw19 Cone hoodie,$145,https://media-assets.grailed.com/prd/listing/temp/a4f9781f68f74d44982eb4e11784514e?w=240&h=320&fit=clip&auto=format,https://www.grailed.com/listings/57715740-supreme-supreme-fw19-cone-hoodie?g_aidx=Listing_production&g_aqid=d1f9094dd805ada2834a60d19419f189
Supreme For Lovers Tee FW20,$54,https://media-assets.grailed.com/prd/listing/43813752/f545956efbc04257b68d9b7f514714f7?w=240&h=320&fit=clip&auto=format,https://www.grailed.com/listings/57057769-supreme-supreme-for-lovers-tee-fw20?g_aidx=Listing_production&g_aqid=d1f9094dd805ada2834a60d19419f189
Supreme Ultra Fresh Tee FW20,$54,https://media-assets.grailed.com/prd/listing/44488271/07b1a09cc0eb44c396533579a763fd72?w=240&h=320&fit=clip&auto=format,https://www.grailed.com/listings/57057847-supreme-supreme-ultra-fresh-tee-fw20?g_aidx=Listing_production&g_aqid=d1f9094dd805ada2834a60d19419f189
Supreme Shaolin Temple Tee SS16,$50,https://media-assets.grailed.com/prd/listing/42406600/5dfa7179e74f4659935e4f7ad8900e95?w=240&h=320&fit=clip&auto=format,https://www.grailed.com/listings/57057606-supreme-supreme-shaolin-temple-tee-ss16?g_aidx=Listing_production&g_aqid=d1f9094dd805ada2834a60d19419f189
Supreme SS21 Milano Tee,$54,https://media-assets.grailed.com/prd/listing/temp/84800b21ed4d4b3896847c0ee0581a83?w=240&h=320&fit=clip&auto=format,https://www.grailed.com/listings/57057861-supreme-supreme-ss21-milano-tee?g_aidx=Listing_production&g_aqid=d1f9094dd805ada2834a60d19419f189
Supreme Arc Logo Tee,$44,https://media-assets.grailed.com/prd/listing/temp/1a53ccf7a6564bc294545af3074bc211?w=240&h=320&fit=clip&auto=format,https://www.grailed.com/listings/58423352-supreme-supreme-arc-logo-tee?g_aidx=Listing_production&g_aqid=d1f9094dd805ada2834a60d19419f189
Supreme Patchwork Reversible Jacket,$270,https://media-assets.grailed.com/prd/listing/temp/60fb7fca5a994101887452555c078208?w=240&h=320&fit=clip&auto=format,https://www.grailed.com/listings/58390586-supreme-supreme-patchwork-reversible-jacket?g_aidx=Listing_production&g_aqid=d1f9094dd805ada2834a60d19419f189
Supreme x Burberry Crusher Bucket Hat Size M/L,$210,https://media-assets.grailed.com/prd/listing/temp/e09db40f3de84f1c8bdd0a9c399eabf8?w=240&h=320&fit=clip&auto=format,https://www.grailed.com/listings/57590842-burberry-x-supreme-supreme-x-burberry-crusher-bucket-hat-size-m-l?g_aidx=Listing_production&g_aqid=d1f9094dd805ada2834a60d19419f189
Supreme camo camp cap,$162,https://media-assets.grailed.com/prd/listing/temp/82901d3c0e6d47258ccc53bf2517b7ff?w=240&h=320&fit=clip&auto=format,https://www.grailed.com/listings/58409591-supreme-supreme-camo-camp-cap?g_aidx=Listing_production&g_aqid=d1f9094dd805ada2834a60d19419f189
Supreme rusty wash selvedge denim jeans,$126,https://media-assets.grailed.com/prd/listing/temp/fa01bce81d5b46db806bfcae489c80b4?w=240&h=320&fit=clip&auto=format,https://www.grailed.com/listings/55396434-distressed-denim-x-supreme-supreme-rusty-wash-selvedge-denim-jeans?g_aidx=Listing_production&g_aqid=d1f9094dd805ada2834a60d19419f189
Supreme Inside Out Box Logo Hooded Sweatshirt Black • M,$235,https://media-assets.grailed.com/prd/listing/temp/03226fb494d4424e8d5b345f56b79d11?w=240&h=320&fit=clip&auto=format,https://www.grailed.com/listings/57603270-hypebeast-x-streetwear-x-supreme-supreme-inside-out-box-logo-hooded-sweatshirt-black-m?g_aidx=Listing_production&g_aqid=d1f9094dd805ada2834a60d19419f189
Supreme Knitwear Striped Embroidery Logos Swearshirt,$136,https://media-assets.grailed.com/prd/listing/47994494/0a8595d240c3440790cbba4f95b90add?w=240&h=320&fit=clip&auto=format,https://www.grailed.com/listings/54795110-supreme-supreme-knitwear-striped-embroidery-logos-swearshirt?g_aidx=Listing_production&g_aqid=d1f9094dd805ada2834a60d19419f189
Supreme Loose Gauge Beanie (FW21) Light Green O/S,$89,https://media-assets.grailed.com/prd/listing/36700877/c50fd2896b464193b558d602ced5653f?w=240&h=320&fit=clip&auto=format,https://www.grailed.com/listings/58386628-supreme-supreme-loose-gauge-beanie-fw21-light-green-o-s?g_aidx=Listing_production&g_aqid=d1f9094dd805ada2834a60d19419f189
F/W 16 Harrington Denim Jacket,$199,https://media-assets.grailed.com/prd/listing/temp/d3e2bd8411e74d33a603e2d8e382c165?w=240&h=320&fit=clip&auto=format,https://www.grailed.com/listings/57698874-supreme-f-w-16-harrington-denim-jacket?g_aidx=Listing_production&g_aqid=d1f9094dd805ada2834a60d19419f189
Supreme Camo Messenger,$101,https://media-assets.grailed.com/prd/listing/temp/d72ae7d05bb7477d9396040fbf043ccc?w=240&h=320&fit=clip&auto=format,https://www.grailed.com/listings/57865400-supreme-supreme-camo-messenger?g_aidx=Listing_production&g_aqid=d1f9094dd805ada2834a60d19419f189
Supreme New Era Swarovski S Logo Beanie Black,$202,https://media-assets.grailed.com/prd/listing/46514480/762b727666834176ae1345c8bd575612?w=240&h=320&fit=clip&auto=format,https://www.grailed.com/listings/58344145-new-era-x-supreme-x-swarovski-supreme-new-era-swarovski-s-logo-beanie-black?g_aidx=Listing_production&g_aqid=d1f9094dd805ada2834a60d19419f189
Supreme 2003 Denver Nuggets Skyline Trucker Hat,$84,https://media-assets.grailed.com/prd/listing/temp/a735566b6b5b44739c574db29d691d29?w=240&h=320&fit=clip&auto=format,https://www.grailed.com/listings/57646427-supreme-x-vintage-supreme-2003-denver-nuggets-skyline-trucker-hat?g_aidx=Listing_production&g_aqid=d1f9094dd805ada2834a60d19419f189
Red Black Cotton Hoodie Sweatshirt,$250,https://media-assets.grailed.com/prd/listing/temp/49d4aa7a8dd141f4aa2891c0e7bf1320?w=240&h=320&fit=clip&auto=format,https://www.grailed.com/listings/56758578-supreme-red-black-cotton-hoodie-sweatshirt?g_aidx=Listing_production&g_aqid=d1f9094dd805ada2834a60d19419f189
Burgundy Gold Embroidery Cotton Hoodie Sweatshirt,$197,https://media-assets.grailed.com/prd/listing/temp/b292e9b5e27a472cadd97248b0fd4ac8?w=240&h=320&fit=clip&auto=format,https://www.grailed.com/listings/56758576-supreme-burgundy-gold-embroidery-cotton-hoodie-sweatshirt?g_aidx=Listing_production&g_aqid=d1f9094dd805ada2834a60d19419f189
Red Logo Cotton CrewNeck Sweatshirt,$286,https://media-assets.grailed.com/prd/listing/temp/6272a833eca84f809e139177c54bd9ed?w=240&h=320&fit=clip&auto=format,https://www.grailed.com/listings/56758571-supreme-red-logo-cotton-crewneck-sweatshirt?g_aidx=Listing_production&g_aqid=d1f9094dd805ada2834a60d19419f189
Supreme The North Face Suede Small Base Camp Duffle Bag,$405,https://media-assets.grailed.com/prd/listing/temp/6c5f7f4e8f9a494992c32d3471ab3d2e?w=240&h=320&fit=clip&auto=format,https://www.grailed.com/listings/56707233-supreme-x-the-north-face-supreme-the-north-face-suede-small-base-camp-duffle-bag?g_aidx=Listing_production&g_aqid=554d59c331d9fde00b50e1f401107af8
Tuque Supreme Basic Beanie Grey (FW19),$56,https://media-assets.grailed.com/prd/listing/temp/4a314f1c7721499e9ca02465770e8c07?w=240&h=320&fit=clip&auto=format,https://www.grailed.com/listings/54772430-supreme-tuque-supreme-basic-beanie-grey-fw19?g_aidx=Listing_production&g_aqid=554d59c331d9fde00b50e1f401107af8
Vintage Supreme 5 Panel Hat 3M,$54,https://media-assets.grailed.com/prd/listing/temp/32b2a4d837bf4493b26871f1f316910c?w=240&h=320&fit=clip&auto=format,https://www.grailed.com/listings/57732651-streetwear-x-supreme-x-vintage-vintage-supreme-5-panel-hat-3m?g_aidx=Listing_production&g_aqid=554d59c331d9fde00b50e1f401107af8
Tuque Supreme Basic Beanie Navy (FW19),$56,https://media-assets.grailed.com/prd/listing/temp/4327d2b18fb74405b573d45034333e14?w=240&h=320&fit=clip&auto=format,https://www.grailed.com/listings/54772423-supreme-tuque-supreme-basic-beanie-navy-fw19?g_aidx=Listing_production&g_aqid=554d59c331d9fde00b50e1f401107af8
Supreme shirt,$40,https://media-assets.grailed.com/prd/listing/temp/55b89c63c83241d2b6521e057c3cfccb?w=240&h=320&fit=clip&auto=format,https://www.grailed.com/listings/58274986-supreme-supreme-shirt?g_aidx=Listing_production&g_aqid=554d59c331d9fde00b50e1f401107af8
Supreme Loose Gauge Beanie (FW21) White O/S (one size),$71,https://media-assets.grailed.com/prd/listing/36701788/fb0a66d3f57d46378fa58af6371cc0d1?w=240&h=320&fit=clip&auto=format,https://www.grailed.com/listings/54717645-supreme-supreme-loose-gauge-beanie-fw21-white-o-s-one-size?g_aidx=Listing_production&g_aqid=554d59c331d9fde00b50e1f401107af8
Tuque Supreme Loose Gauge Beanie Navy (FW21),$71,https://media-assets.grailed.com/prd/listing/temp/a396217db5d94508a14d32f5882eff66?w=240&h=320&fit=clip&auto=format,https://www.grailed.com/listings/54717352-supreme-tuque-supreme-loose-gauge-beanie-navy-fw21?g_aidx=Listing_production&g_aqid=554d59c331d9fde00b50e1f401107af8
Supreme Beanie Gonz Logo Burnt Red O/S (one size),$71,https://media-assets.grailed.com/prd/listing/36702820/a95208d2f358483d9464913ef290e5ae?w=240&h=320&fit=clip&auto=format,https://www.grailed.com/listings/54717756-supreme-supreme-beanie-gonz-logo-burnt-red-o-s-one-size?g_aidx=Listing_production&g_aqid=554d59c331d9fde00b50e1f401107af8
Tuque Supreme Loose Gauge Beanie Heather Grey,$71,https://media-assets.grailed.com/prd/listing/temp/f9d5a7aff60d4df9a2ff5541c7731e9c?w=240&h=320&fit=clip&auto=format,https://www.grailed.com/listings/54717477-supreme-tuque-supreme-loose-gauge-beanie-heather-grey?g_aidx=Listing_production&g_aqid=554d59c331d9fde00b50e1f401107af8
Tuque Supreme Loose Gauge Beanie Navy (FW21),$71,https://media-assets.grailed.com/prd/listing/temp/a396217db5d94508a14d32f5882eff66?w=240&h=320&fit=clip&auto=format,https://www.grailed.com/listings/54717385-supreme-tuque-supreme-loose-gauge-beanie-navy-fw21?g_aidx=Listing_production&g_aqid=554d59c331d9fde00b50e1f401107af8
Tuque Supreme Heather Loose Gauge Beanie Heather Gold (FW17),$79,https://media-assets.grailed.com/prd/listing/temp/008213955957450abf2a09d5720dcf5a?w=240&h=320&fit=clip&auto=format,https://www.grailed.com/listings/54717142-supreme-tuque-supreme-heather-loose-gauge-beanie-heather-gold-fw17?g_aidx=Listing_production&g_aqid=554d59c331d9fde00b50e1f401107af8
Tuque Supreme Rainbow Knit Beanie Navy,$71,https://media-assets.grailed.com/prd/listing/temp/eb93ee7e921047d3a9e913eaf88985ab?w=240&h=320&fit=clip&auto=format,https://www.grailed.com/listings/54717079-supreme-tuque-supreme-rainbow-knit-beanie-navy?g_aidx=Listing_production&g_aqid=554d59c331d9fde00b50e1f401107af8
Supreme Shrek Beanie Red O/S (one size),$77,https://media-assets.grailed.com/prd/listing/36701117/5854c52fc5e8403fb140722f20c0054d?w=240&h=320&fit=clip&auto=format,https://www.grailed.com/listings/54717814-supreme-supreme-shrek-beanie-red-o-s-one-size?g_aidx=Listing_production&g_aqid=554d59c331d9fde00b50e1f401107af8
The Great China Wall Hooded Work Jacket,$393,https://media-assets.grailed.com/prd/listing/temp/46c791932578430c8916865a6fca0d5f?w=240&h=320&fit=clip&auto=format,https://www.grailed.com/listings/58061783-supreme-x-the-great-china-wall-the-great-china-wall-hooded-work-jacket?g_aidx=Listing_production&g_aqid=554d59c331d9fde00b50e1f401107af8
Black White Graphic Hooded Sweatshirt,$185,https://media-assets.grailed.com/prd/listing/45251632/440c70bbb79d4a5b9050d4a305a1217f?w=240&h=320&fit=clip&auto=format,https://www.grailed.com/listings/57027961-supreme-black-white-graphic-hooded-sweatshirt?g_aidx=Listing_production&g_aqid=554d59c331d9fde00b50e1f401107af8
x HANES Black White Checkered Cotton Tshirt,$80,https://media-assets.grailed.com/prd/listing/44038361/15aab2893b77411ea071211e39461a16?w=240&h=320&fit=clip&auto=format,https://www.grailed.com/listings/44038361-supreme-x-hanes-black-white-checkered-cotton-tshirt?g_aidx=Listing_production&g_aqid=554d59c331d9fde00b50e1f401107af8
x HANES Black White Checkered Cotton CrewNeck Tshirt,$80,https://media-assets.grailed.com/prd/listing/44038358/99799860991945eea246c83eba2cb8cd?w=240&h=320&fit=clip&auto=format,https://www.grailed.com/listings/44038358-supreme-x-hanes-black-white-checkered-cotton-crewneck-tshirt?g_aidx=Listing_production&g_aqid=554d59c331d9fde00b50e1f401107af8
SS21 Black Rock Concert Cotton CrewNeck Tshirt,$59,https://media-assets.grailed.com/prd/listing/temp/e793101b288042c08640504ae9c7da6a?w=240&h=320&fit=clip&auto=format,https://www.grailed.com/listings/57399538-supreme-ss21-black-rock-concert-cotton-crewneck-tshirt?g_aidx=Listing_production&g_aqid=554d59c331d9fde00b50e1f401107af8
SS 19 Collection Red Grey Camouflage Silk Button Up Long Sleeve Shirt,$236,https://media-assets.grailed.com/prd/listing/35601363/197a9063384f4f03a0e00fefb8e05fb4?w=240&h=320&fit=clip&auto=format,https://www.grailed.com/listings/35601363-supreme-ss-19-collection-red-grey-camouflage-silk-button-up-long-sleeve-shirt?g_aidx=Listing_production&g_aqid=554d59c331d9fde00b50e1f401107af8
Supreme Hanes Boxer Brief (M)& pair of socks (1 of each),$22,https://media-assets.grailed.com/prd/listing/45379494/b5ea49494cac4df0a529ce169120401f?w=240&h=320&fit=clip&auto=format,https://www.grailed.com/listings/45379494-hanes-x-supreme-supreme-hanes-boxer-brief-m-pair-of-socks-1-of-each?g_aidx=Listing_production&g_aqid=554d59c331d9fde00b50e1f401107af8
RARE Streetwear Hannes Supreme Bandana Logo Black Tee,$47,https://media-assets.grailed.com/prd/listing/temp/c73adf29c23e4b62ae558a8f8d6cd4db?w=240&h=320&fit=clip&auto=format,https://www.grailed.com/listings/58049242-rare-x-streetwear-x-supreme-rare-streetwear-hannes-supreme-bandana-logo-black-tee?g_aidx=Listing_production&g_aqid=027ddaed1cfc92a3dbcb5984b21cd07d
Supreme beanie hat spellout patches,$121,https://media-assets.grailed.com/prd/listing/46838552/4c75d1b1b86d4f35be53680236458fa0?w=240&h=320&fit=clip&auto=format,https://www.grailed.com/listings/58713690-supreme-supreme-beanie-hat-spellout-patches?g_aidx=Listing_production&g_aqid=027ddaed1cfc92a3dbcb5984b21cd07d
Supreme Royal Blue Box Logo Hoodie 2008,$720,https://media-assets.grailed.com/prd/listing/temp/9e56dff3fc694b80a3c6782df4f39b90?w=240&h=320&fit=clip&auto=format,https://www.grailed.com/listings/58555666-supreme-supreme-royal-blue-box-logo-hoodie-2008?g_aidx=Listing_production&g_aqid=027ddaed1cfc92a3dbcb5984b21cd07d
Supeme super black chinos pants,$202,https://media-assets.grailed.com/prd/listing/44752848/05f2485c99f74115b1f741e3bad53fae?w=240&h=320&fit=clip&auto=format,https://www.grailed.com/listings/56483053-streetwear-x-supreme-supeme-super-black-chinos-pants?g_aidx=Listing_production&g_aqid=027ddaed1cfc92a3dbcb5984b21cd07d
Supreme Stencil Metal Plate Logo Beanie,$90,https://media-assets.grailed.com/prd/listing/temp/461feab225ac4ee1a615d3058182b87b?w=240&h=320&fit=clip&auto=format,https://www.grailed.com/listings/58395413-supreme-supreme-stencil-metal-plate-logo-beanie?g_aidx=Listing_production&g_aqid=027ddaed1cfc92a3dbcb5984b21cd07d
Supreme short sleeve button down shirt,$72,https://media-assets.grailed.com/prd/listing/temp/3e3b7984cff04e1abe7a13c555af2950?w=240&h=320&fit=clip&auto=format,https://www.grailed.com/listings/57741908-supreme-supreme-short-sleeve-button-down-shirt?g_aidx=Listing_production&g_aqid=027ddaed1cfc92a3dbcb5984b21cd07d
Supreme Hanes Boxer Brief- 1 pair (XL),$18,https://media-assets.grailed.com/prd/listing/44737487/5015b1a7a30046b598e6da79d618dee1?w=240&h=320&fit=clip&auto=format,https://www.grailed.com/listings/44737487-hanes-x-supreme-supreme-hanes-boxer-brief-1-pair-xl?g_aidx=Listing_production&g_aqid=027ddaed1cfc92a3dbcb5984b21cd07d
Supreme World Famous Team Show Joe Cool Tee Large SS07,$54,https://media-assets.grailed.com/prd/listing/temp/85c3b39e302d4b36b0eed8e06c7daca8?w=240&h=320&fit=clip&auto=format,https://www.grailed.com/listings/58596059-supreme-supreme-world-famous-team-show-joe-cool-tee-large-ss07?g_aidx=Listing_production&g_aqid=027ddaed1cfc92a3dbcb5984b21cd07d
Classic Ad Logo yellow Hoodie 2019 boxy rare streetwear,$108,https://media-assets.grailed.com/prd/listing/temp/54d435d41e3b444faf84a083be3e553b?w=240&h=320&fit=clip&auto=format,https://www.grailed.com/listings/57661781-rare-x-streetwear-x-supreme-classic-ad-logo-yellow-hoodie-2019-boxy-rare-streetwear?g_aidx=Listing_production&g_aqid=027ddaed1cfc92a3dbcb5984b21cd07d
Supreme League Tee White • XL,$108,https://media-assets.grailed.com/prd/listing/45814654/70f6ef6132834a8a8b5dd730cb346bba?w=240&h=320&fit=clip&auto=format,https://www.grailed.com/listings/57607367-hypebeast-x-streetwear-x-supreme-supreme-league-tee-white-xl?g_aidx=Listing_production&g_aqid=027ddaed1cfc92a3dbcb5984b21cd07d
Supreme x The North Face Nuptse Leaves F/W16 Size Medium,$546,https://media-assets.grailed.com/prd/listing/temp/d85e697137924842b5954e6c62d76174?w=240&h=320&fit=clip&auto=format,https://www.grailed.com/listings/58539458-supreme-x-the-north-face-supreme-x-the-north-face-nuptse-leaves-f-w16-size-medium?g_aidx=Listing_production&g_aqid=027ddaed1cfc92a3dbcb5984b21cd07d
Supreme FW 2012 Duck Camo Box Logo Hoodie,$210,https://media-assets.grailed.com/prd/listing/temp/4d62e504f5f945fab1d5a4621277afff?w=240&h=320&fit=clip&auto=format,https://www.grailed.com/listings/55381680-streetwear-x-supreme-supreme-fw-2012-duck-camo-box-logo-hoodie?g_aidx=Listing_production&g_aqid=027ddaed1cfc92a3dbcb5984b21cd07d
Supreme Hanes Boxer Brief (L)& pair of socks (1 of each),$24,https://media-assets.grailed.com/prd/listing/42265102/78208f9a6c51438c8042db280f48fc32?w=240&h=320&fit=clip&auto=format,https://www.grailed.com/listings/42265102-hanes-x-supreme-supreme-hanes-boxer-brief-l-pair-of-socks-1-of-each?g_aidx=Listing_production&g_aqid=027ddaed1cfc92a3dbcb5984b21cd07d
Supreme Hanes Boxer Brief- 1 pair (XL),$18,https://media-assets.grailed.com/prd/listing/39428760/4b560a4522304b43881f58c309bedb31?w=240&h=320&fit=clip&auto=format,https://www.grailed.com/listings/39428760-hanes-x-supreme-supreme-hanes-boxer-brief-1-pair-xl?g_aidx=Listing_production&g_aqid=027ddaed1cfc92a3dbcb5984b21cd07d
SUPREME x Hanes/plain thin t-shirt/20129 - 867 50,$90,https://media-assets.grailed.com/prd/listing/temp/0be7fe67d3a04ca4922ab0f922d83ca2?w=240&h=320&fit=clip&auto=format,https://www.grailed.com/listings/58372737-hanes-x-supreme-supreme-x-hanes-plain-thin-t-shirt-20129-867-50?g_aidx=Listing_production&g_aqid=027ddaed1cfc92a3dbcb5984b21cd07d
Supreme beanie,$54,https://media-assets.grailed.com/prd/listing/temp/02ab99fad72b4751bdd431f3b027faf8?w=240&h=320&fit=clip&auto=format,https://www.grailed.com/listings/58600380-supreme-supreme-beanie?g_aidx=Listing_production&g_aqid=027ddaed1cfc92a3dbcb5984b21cd07d
Supreme beanie,$54,https://media-assets.grailed.com/prd/listing/temp/02ab99fad72b4751bdd431f3b027faf8?w=240&h=320&fit=clip&auto=format,https://www.grailed.com/listings/58405771-supreme-supreme-beanie?g_aidx=Listing_production&g_aqid=027ddaed1cfc92a3dbcb5984b21cd07d
Supreme beanie,$54,https://media-assets.grailed.com/prd/listing/temp/02ab99fad72b4751bdd431f3b027faf8?w=240&h=320&fit=clip&auto=format,https://www.grailed.com/listings/58050968-supreme-supreme-beanie?g_aidx=Listing_production&g_aqid=c02bd6ed6c01e59fa2debefcb36c3178
Supreme John Lydon Japan Exclusive 1/200 Tee Vintage,$378,https://media-assets.grailed.com/prd/listing/35581243/8534088065ed4c9ba9e3b1738181d132?w=240&h=320&fit=clip&auto=format,https://www.grailed.com/listings/58476966-supreme-supreme-john-lydon-japan-exclusive-1-200-tee-vintage?g_aidx=Listing_production&g_aqid=c02bd6ed6c01e59fa2debefcb36c3178
Black Nike SB x Supreme Blazer size 11,$72,https://media-assets.grailed.com/prd/listing/temp/9118b380850a4c1ea2619fc04f3dcb99?w=240&h=320&fit=clip&auto=format,https://www.grailed.com/listings/57719626-supreme-black-nike-sb-x-supreme-blazer-size-11?g_aidx=Listing_production&g_aqid=c02bd6ed6c01e59fa2debefcb36c3178
Supreme mini logo hoody green size medium,$51,https://media-assets.grailed.com/prd/listing/temp/2adf7309030c4c4db8209c25d3d49262?w=240&h=320&fit=clip&auto=format,https://www.grailed.com/listings/56125872-supreme-supreme-mini-logo-hoody-green-size-medium?g_aidx=Listing_production&g_aqid=c02bd6ed6c01e59fa2debefcb36c3178
Supreme/antihero pos tee,$54,https://media-assets.grailed.com/prd/listing/45638842/df2c91e302ba4aae93c5c6987dd18de2?w=240&h=320&fit=clip&orient=90&auto=format,https://www.grailed.com/listings/49636456-antihero-x-supreme-supreme-antihero-pos-tee?g_aidx=Listing_production&g_aqid=c02bd6ed6c01e59fa2debefcb36c3178
Supreme Hardware Tee SS18 Size Large Color Ash Worn Once,$49,https://media-assets.grailed.com/prd/listing/temp/3506900540ba4cdbaf7c434c2b25f481?w=240&h=320&fit=clip&auto=format,https://www.grailed.com/listings/58595874-supreme-supreme-hardware-tee-ss18-size-large-color-ash-worn-once?g_aidx=Listing_production&g_aqid=c02bd6ed6c01e59fa2debefcb36c3178
Long Sleeve Supreme Tee,$28,https://media-assets.grailed.com/prd/listing/temp/0d1263bc13ad4874a10c3ac8a0e53049?w=240&h=320&fit=clip&auto=format,https://www.grailed.com/listings/57063235-supreme-long-sleeve-supreme-tee?g_aidx=Listing_production&g_aqid=c02bd6ed6c01e59fa2debefcb36c3178
Supreme x Lacoste Jacket,$81,https://media-assets.grailed.com/prd/listing/temp/817b2f07e55c49518b2028b9531db44e?w=240&h=320&fit=clip&auto=format,https://www.grailed.com/listings/57063001-lacoste-x-supreme-supreme-x-lacoste-jacket?g_aidx=Listing_production&g_aqid=c02bd6ed6c01e59fa2debefcb36c3178
Supreme Tee,$27,https://media-assets.grailed.com/prd/listing/temp/f2eb9ab55c32445b8fe726d9a8b47e85?w=240&h=320&fit=clip&auto=format,https://www.grailed.com/listings/58465247-supreme-supreme-tee?g_aidx=Listing_production&g_aqid=c02bd6ed6c01e59fa2debefcb36c3178
Supreme Cargo Pants,$126,https://media-assets.grailed.com/prd/listing/temp/cbe9af65e87c45c8ba5ab20b1cf74e9b?w=240&h=320&fit=clip&auto=format,https://www.grailed.com/listings/58693960-streetwear-x-supreme-supreme-cargo-pants?g_aidx=Listing_production&g_aqid=c02bd6ed6c01e59fa2debefcb36c3178
Supreme Sweatshirt,$64,https://media-assets.grailed.com/prd/listing/temp/fad12cd9c45844e6aceb1fc6f765091e?w=240&h=320&fit=clip&auto=format,https://www.grailed.com/listings/58507312-supreme-supreme-sweatshirt?g_aidx=Listing_production&g_aqid=c02bd6ed6c01e59fa2debefcb36c3178
Illegal Business Skate Deck,$143,https://media-assets.grailed.com/prd/listing/temp/e178e3def6ce470eb368b24d206ebb4a?w=240&h=320&fit=clip&auto=format,https://www.grailed.com/listings/57896520-supreme-illegal-business-skate-deck?g_aidx=Listing_production&g_aqid=c02bd6ed6c01e59fa2debefcb36c3178
Rare supreme S shorts,$50,https://media-assets.grailed.com/prd/listing/temp/520514d7b05942be919fa421e41705a3?w=240&h=320&fit=clip&auto=format,https://www.grailed.com/listings/58485846-supreme-rare-supreme-s-shorts?g_aidx=Listing_production&g_aqid=c02bd6ed6c01e59fa2debefcb36c3178
Supreme Nike jersey and shorts size M,$300,https://media-assets.grailed.com/prd/listing/temp/7ff87cf7a6194b8f968427a9ceeafd2a?w=240&h=320&fit=clip&auto=format,https://www.grailed.com/listings/58562864-nike-x-supreme-supreme-nike-jersey-and-shorts-size-m?g_aidx=Listing_production&g_aqid=c02bd6ed6c01e59fa2debefcb36c3178
Supreme x Andres Serrano Piss Christ T Shirt Size L,$58,https://media-assets.grailed.com/prd/listing/temp/245ab2d84534447ca1e753c11b3052a9?w=240&h=320&fit=clip&auto=format,https://www.grailed.com/listings/57894858-streetwear-x-supreme-supreme-x-andres-serrano-piss-christ-t-shirt-size-l?g_aidx=Listing_production&g_aqid=c02bd6ed6c01e59fa2debefcb36c3178
Supreme Plant Tee FW17,$54,https://media-assets.grailed.com/prd/listing/43981786/daefdcd076f84aef8ad20ce04e9a8b36?w=240&h=320&fit=clip&auto=format,https://www.grailed.com/listings/57057819-supreme-supreme-plant-tee-fw17?g_aidx=Listing_production&g_aqid=c02bd6ed6c01e59fa2debefcb36c3178
Supreme Time Tee SS20,$54,https://media-assets.grailed.com/prd/listing/42480286/9bbe93b2a047433780e5068aa45c6b81?w=240&h=320&fit=clip&auto=format,https://www.grailed.com/listings/57057570-supreme-supreme-time-tee-ss20?g_aidx=Listing_production&g_aqid=c02bd6ed6c01e59fa2debefcb36c3178
Supreme SS20 Morph Tee,$50,https://media-assets.grailed.com/prd/listing/43938028/9a4810c155f846b783c0e352c58bb718?w=240&h=320&fit=clip&auto=format,https://www.grailed.com/listings/57057597-supreme-supreme-ss20-morph-tee?g_aidx=Listing_production&g_aqid=c02bd6ed6c01e59fa2debefcb36c3178
Supreme Athletic Label Tee SS19,$45,https://media-assets.grailed.com/prd/listing/41940340/10e4eda57712468bb42e8e519858dc4f?w=240&h=320&fit=clip&auto=format,https://www.grailed.com/listings/57057548-supreme-supreme-athletic-label-tee-ss19?g_aidx=Listing_production&g_aqid=c02bd6ed6c01e59fa2debefcb36c3178
Supreme SS18 Cheese Tee,$54,https://media-assets.grailed.com/prd/listing/43938034/022131ff781444db9c180ccdbbd0b66c?w=240&h=320&fit=clip&auto=format,https://www.grailed.com/listings/57057756-supreme-supreme-ss18-cheese-tee?g_aidx=Listing_production&g_aqid=c02bd6ed6c01e59fa2debefcb36c3178
Supreme SS21 Dunk Tee,$45,https://media-assets.grailed.com/prd/listing/43342978/beae0a68902d40e6bbfec0cdb1571791?w=240&h=320&fit=clip&auto=format,https://www.grailed.com/listings/57057724-supreme-supreme-ss21-dunk-tee?g_aidx=Listing_production&g_aqid=c02bd6ed6c01e59fa2debefcb36c3178
Supreme Futura Logo FW20,$54,https://media-assets.grailed.com/prd/listing/43981780/bfcc6fa79cb04b938c67b8e1c27813e2?w=240&h=320&fit=clip&auto=format,https://www.grailed.com/listings/57057665-supreme-supreme-futura-logo-fw20?g_aidx=Listing_production&g_aqid=c02bd6ed6c01e59fa2debefcb36c3178
Supreme Joie de vivre,$50,https://media-assets.grailed.com/prd/listing/43699296/d686da8090694897b3d6e5203de7f127?w=240&h=320&fit=clip&auto=format,https://www.grailed.com/listings/57057538-supreme-supreme-joie-de-vivre?g_aidx=Listing_production&g_aqid=a4afdee0111c550ab7e93fdf57e86f72
Supreme Studded Hoodie SS18,$82,https://media-assets.grailed.com/prd/listing/43928507/64ef7f85fdba4ade9175ef17f6879081?w=240&h=320&fit=clip&auto=format,https://www.grailed.com/listings/57097529-supreme-supreme-studded-hoodie-ss18?g_aidx=Listing_production&g_aqid=a4afdee0111c550ab7e93fdf57e86f72
Supreme Playboy Button Up,$268,https://media-assets.grailed.com/prd/listing/46228812/9785bc5dceff4f0d985e823b75decc6c?w=240&h=320&fit=clip&auto=format,https://www.grailed.com/listings/58029797-supreme-supreme-playboy-button-up?g_aidx=Listing_production&g_aqid=a4afdee0111c550ab7e93fdf57e86f72
Vintage BMW Motorcycles Long Sleeve tee,$45,https://media-assets.grailed.com/prd/listing/47257810/50871e02e4ac4d67a1471682f76619c5?w=240&h=320&fit=clip&auto=format,https://www.grailed.com/listings/56969264-bmw-x-supreme-x-vintage-vintage-bmw-motorcycles-long-sleeve-tee?g_aidx=Listing_production&g_aqid=a4afdee0111c550ab7e93fdf57e86f72
SUPREME SMALL BAGGY MESH SHORT,$56,https://media-assets.grailed.com/prd/listing/temp/d1674e524b44492493064802403c7254?w=240&h=320&fit=clip&auto=format,https://www.grailed.com/listings/54647767-supreme-supreme-small-baggy-mesh-short?g_aidx=Listing_production&g_aqid=a4afdee0111c550ab7e93fdf57e86f72
Supreme X Champion Hoodie SS18,$360,https://media-assets.grailed.com/prd/listing/34168273/9b4ce9a983004db4af02b18ed24b0fe0?w=240&h=320&fit=clip&auto=format,https://www.grailed.com/listings/57379835-champion-x-supreme-supreme-x-champion-hoodie-ss18?g_aidx=Listing_production&g_aqid=a4afdee0111c550ab7e93fdf57e86f72
Supreme Spitfire Coach,$116,https://media-assets.grailed.com/prd/listing/temp/4374364d21f84f248e24f332ddb868b6?w=240&h=320&fit=clip&auto=format,https://www.grailed.com/listings/54400710-spitfire-x-streetwear-x-supreme-supreme-spitfire-coach?g_aidx=Listing_production&g_aqid=a4afdee0111c550ab7e93fdf57e86f72
Supreme Velvet S Logo Hat,$47,https://media-assets.grailed.com/prd/listing/temp/7576cd68a9174961b2a310167e731491?w=240&h=320&fit=clip&auto=format,https://www.grailed.com/listings/58559436-streetwear-x-supreme-supreme-velvet-s-logo-hat?g_aidx=Listing_production&g_aqid=a4afdee0111c550ab7e93fdf57e86f72
Supreme Vintage Y2K Beanie Striped Hat,$38,https://media-assets.grailed.com/prd/listing/temp/6642448f3a0b425f9d8b387f80a5128f?w=240&h=320&fit=clip&auto=format,https://www.grailed.com/listings/56451335-streetwear-x-supreme-x-vintage-supreme-vintage-y2k-beanie-striped-hat?g_aidx=Listing_production&g_aqid=a4afdee0111c550ab7e93fdf57e86f72
SUPREME X CHAMPION ARC ZIP UP HOODIE FW 17,$315,https://media-assets.grailed.com/prd/listing/34168263/915af61e593e49c7892677c40dfa67d9?w=240&h=320&fit=clip&auto=format,https://www.grailed.com/listings/55176058-champion-x-supreme-supreme-x-champion-arc-zip-up-hoodie-fw-17?g_aidx=Listing_production&g_aqid=a4afdee0111c550ab7e93fdf57e86f72
Group Tee,$95,https://media-assets.grailed.com/prd/listing/temp/5ae93b7f0c7e4c6f8a684c47e472cae1?w=240&h=320&fit=clip&auto=format,https://www.grailed.com/listings/58718150-supreme-group-tee?g_aidx=Listing_production&g_aqid=a4afdee0111c550ab7e93fdf57e86f72
CDG Box Logo Tee White SS17,$135,https://media-assets.grailed.com/prd/listing/temp/45ef9fe84df14c90876aed23445272d4?w=240&h=320&fit=clip&auto=format,https://www.grailed.com/listings/57921313-supreme-cdg-box-logo-tee-white-ss17?g_aidx=Listing_production&g_aqid=a4afdee0111c550ab7e93fdf57e86f72
Box Logo Pullover Hoodie Red Tonal FW14,$324,https://media-assets.grailed.com/prd/listing/temp/6e9f9153f613409eba9cbff4a80d4307?w=240&h=320&fit=clip&auto=format,https://www.grailed.com/listings/57921794-supreme-box-logo-pullover-hoodie-red-tonal-fw14?g_aidx=Listing_production&g_aqid=a4afdee0111c550ab7e93fdf57e86f72
Supreme Clientele FW20 Tee,$80,https://media-assets.grailed.com/prd/listing/temp/151583cbbd1e41409ffaa52ba1c9c5dc?w=240&h=320&fit=clip&auto=format,https://www.grailed.com/listings/57410844-supreme-supreme-clientele-fw20-tee?g_aidx=Listing_production&g_aqid=f0d646b23c2ae0a3a3a839b4a88fe41a
Supreme “Chocolate Chip Camo” Crewneck,$78,https://media-assets.grailed.com/prd/listing/temp/15b6a123e0604bf7bf34c2fb856dbcb1?w=240&h=320&fit=clip&auto=format,https://www.grailed.com/listings/58316793-supreme-supreme-chocolate-chip-camo-crewneck?g_aidx=Listing_production&g_aqid=f0d646b23c2ae0a3a3a839b4a88fe41a
Supreme “Chocolate Chip Camo” Crewneck,$72,https://media-assets.grailed.com/prd/listing/temp/15b6a123e0604bf7bf34c2fb856dbcb1?w=240&h=320&fit=clip&auto=format,https://www.grailed.com/listings/58296371-supreme-supreme-chocolate-chip-camo-crewneck?g_aidx=Listing_production&g_aqid=f0d646b23c2ae0a3a3a839b4a88fe41a
Stud Mountain Light Jacket,$254,https://media-assets.grailed.com/prd/listing/temp/3bb7e1e70a11410286cabba8e262398f?w=240&h=320&fit=clip&auto=format,https://www.grailed.com/listings/57433930-supreme-x-the-north-face-stud-mountain-light-jacket?g_aidx=Listing_production&g_aqid=f0d646b23c2ae0a3a3a839b4a88fe41a
Dogs And Ducks Jacket,$540,https://media-assets.grailed.com/prd/listing/temp/628509eae4eb4513b6d6d0c1efb6f3a1?w=240&h=320&fit=clip&auto=format,https://www.grailed.com/listings/57868647-supreme-dogs-and-ducks-jacket?g_aidx=Listing_production&g_aqid=f0d646b23c2ae0a3a3a839b4a88fe41a
Covid Box Logo Tee,$225,https://media-assets.grailed.com/prd/listing/temp/6c0137dde45a4957984c64a324bdacab?w=240&h=320&fit=clip&auto=format,https://www.grailed.com/listings/57752236-supreme-x-takashi-murakami-covid-box-logo-tee?g_aidx=Listing_production&g_aqid=f0d646b23c2ae0a3a3a839b4a88fe41a
Silk Pattern Bomber Jacket,$315,https://media-assets.grailed.com/prd/listing/temp/320341e72e1340fd9c07bf7303a7cdd9?w=240&h=320&fit=clip&auto=format,https://www.grailed.com/listings/57434055-supreme-silk-pattern-bomber-jacket?g_aidx=Listing_production&g_aqid=f0d646b23c2ae0a3a3a839b4a88fe41a
SUPREME 2000s BOYZ N THE HOOD TEE IN YELLOW,$105,https://media-assets.grailed.com/prd/listing/temp/10b4287fad804986b0dc1613b1972919?w=240&h=320&fit=clip&auto=format,https://www.grailed.com/listings/57798369-supreme-x-vintage-supreme-2000s-boyz-n-the-hood-tee-in-yellow?g_aidx=Listing_production&g_aqid=f0d646b23c2ae0a3a3a839b4a88fe41a
SUPREME 1998 OLIVE GREEN TONAL BOX LOGO TEE,$459,https://media-assets.grailed.com/prd/listing/temp/e1de87ec47ec49f392f39a46ac70590a?w=240&h=320&fit=clip&auto=format,https://www.grailed.com/listings/57798301-supreme-x-vintage-supreme-1998-olive-green-tonal-box-logo-tee?g_aidx=Listing_production&g_aqid=f0d646b23c2ae0a3a3a839b4a88fe41a
Red Riding Hood Tee,$57,https://media-assets.grailed.com/prd/listing/24462367/45c1c5c9c3d24972be3297df53b14b1f?w=240&h=320&fit=clip&auto=format,https://www.grailed.com/listings/24462367-supreme-red-riding-hood-tee?g_aidx=Listing_production&g_aqid=f0d646b23c2ae0a3a3a839b4a88fe41a
Chosen One Baseball Jersey,$275,https://media-assets.grailed.com/prd/listing/temp/1c77c769612f4ea68cf50584d36b932d?w=240&h=320&fit=clip&auto=format,https://www.grailed.com/listings/58013970-supreme-chosen-one-baseball-jersey?g_aidx=Listing_production&g_aqid=f0d646b23c2ae0a3a3a839b4a88fe41a
Supreme “King “ Tee Shirt - Tan - Size Medium - Authentic,$36,https://media-assets.grailed.com/prd/listing/temp/18bb2d66528c425196bf8119092440e8?w=240&h=320&fit=clip&auto=format,https://www.grailed.com/listings/51931666-supreme-supreme-king-tee-shirt-tan-size-medium-authentic?g_aidx=Listing_production&g_aqid=f0d646b23c2ae0a3a3a839b4a88fe41a
SUPREME B.B. SIMON STUDDED PUFFER JACKET,$815,https://media-assets.grailed.com/prd/listing/temp/2e1ec8d0c32f4917abda2a0f527cca3b?w=240&h=320&fit=clip&auto=format,https://www.grailed.com/listings/55994496-b-b-simon-x-supreme-supreme-b-b-simon-studded-puffer-jacket?g_aidx=Listing_production&g_aqid=f0d646b23c2ae0a3a3a839b4a88fe41a
Supreme Motion Logo Tee Purple,$63,https://media-assets.grailed.com/prd/listing/temp/32afccdb7dc34ad8a8ccc06c4c685427?w=240&h=320&fit=clip&auto=format,https://www.grailed.com/listings/57905239-supreme-supreme-motion-logo-tee-purple?g_aidx=Listing_production&g_aqid=f0d646b23c2ae0a3a3a839b4a88fe41a
Supreme x The North Face Split Taped Seam Shell Jacket,$520,https://media-assets.grailed.com/prd/listing/temp/832b15bfca064e608023ef69fe661267?w=240&h=320&fit=clip&auto=format,https://www.grailed.com/listings/57447919-supreme-x-the-north-face-supreme-x-the-north-face-split-taped-seam-shell-jacket?g_aidx=Listing_production&g_aqid=f0d646b23c2ae0a3a3a839b4a88fe41a
Supreme Faribault Woolen Mill Co Box Logo Wool Blanket,$525,https://media-assets.grailed.com/prd/listing/temp/2838d759341b43cdbe4a76cc9239ae1c?w=240&h=320&fit=clip&auto=format,https://www.grailed.com/listings/56323556-supreme-supreme-faribault-woolen-mill-co-box-logo-wool-blanket?g_aidx=Listing_production&g_aqid=f0d646b23c2ae0a3a3a839b4a88fe41a
SUPREME CDG SHIRT SCHOTT PAINTED PERFECTO LEATHER JACKET,$1000,https://media-assets.grailed.com/prd/listing/temp/cf44824694144e61b22a4b90e1402a53?w=240&h=320&fit=clip&auto=format,https://www.grailed.com/listings/56322562-comme-des-garcons-x-schott-x-supreme-supreme-cdg-shirt-schott-painted-perfecto-leather-jacket?g_aidx=Listing_production&g_aqid=f0d646b23c2ae0a3a3a839b4a88fe41a
SUPREME FUTURA FISHTAIL PARKA,$605,https://media-assets.grailed.com/prd/listing/temp/ea42cb2bc7e0402fb4d9e0e2b5dd4fdc?w=240&h=320&fit=clip&auto=format,https://www.grailed.com/listings/58333630-futura-x-supreme-supreme-futura-fishtail-parka?g_aidx=Listing_production&g_aqid=f0d646b23c2ae0a3a3a839b4a88fe41a
Supreme sock,$32,https://media-assets.grailed.com/prd/listing/47722527/8b318d43599745e8964aa618b033f1e1?w=240&h=320&fit=clip&auto=format,https://www.grailed.com/listings/53547518-nike-x-supreme-supreme-sock?g_aidx=Listing_production&g_aqid=e51e43344a72233351ab54130f3e5528
Astro world,$63,https://media-assets.grailed.com/prd/listing/temp/63d72605fcf64d739a8f37e6cca5b964?w=240&h=320&fit=clip&auto=format,https://www.grailed.com/listings/58347271-streetwear-x-supreme-x-travis-scott-astro-world?g_aidx=Listing_production&g_aqid=e51e43344a72233351ab54130f3e5528
Supreme Repeat Stitch Track Pant,$121,https://media-assets.grailed.com/prd/listing/temp/6b8219a6143541be90b4e9004c78e05a?w=240&h=320&fit=clip&auto=format,https://www.grailed.com/listings/57861070-supreme-supreme-repeat-stitch-track-pant?g_aidx=Listing_production&g_aqid=e51e43344a72233351ab54130f3e5528
FW23 Box logo hoodie White,$180,https://media-assets.grailed.com/prd/listing/temp/ef0df2df616845fe8c93154df6619999?w=240&h=320&fit=clip&auto=format,https://www.grailed.com/listings/54409115-supreme-fw23-box-logo-hoodie-white?g_aidx=Listing_production&g_aqid=e51e43344a72233351ab54130f3e5528
Supreme x Scientist Jah Life In Dub Tee,$108,https://media-assets.grailed.com/prd/listing/temp/bf2d2b8122634c70978eb8b25abe07f9?w=240&h=320&fit=clip&auto=format,https://www.grailed.com/listings/57713960-band-tees-x-bob-marley-x-supreme-supreme-x-scientist-jah-life-in-dub-tee?g_aidx=Listing_production&g_aqid=e51e43344a72233351ab54130f3e5528
Supreme SS22 Nate Lowman Double Knee Pants,$315,https://media-assets.grailed.com/prd/listing/48722074/de027a3c2e4c41a59b7a062cab93c9c1?w=240&h=320&fit=clip&auto=format,https://www.grailed.com/listings/48722074-supreme-supreme-ss22-nate-lowman-double-knee-pants?g_aidx=Listing_production&g_aqid=e51e43344a72233351ab54130f3e5528
SUPREME RAMELLZEE Book Vol 6 Magazine JOHN LYDON dunk,$81,https://media-assets.grailed.com/prd/listing/46189475/5963177aaf244880bc96c4dc54bc6993?w=240&h=320&fit=clip&auto=format,https://www.grailed.com/listings/58039741-supreme-supreme-ramellzee-book-vol-6-magazine-john-lydon-dunk?g_aidx=Listing_production&g_aqid=e51e43344a72233351ab54130f3e5528
SUPREME Sweater Cable Knit Collar Zip Jumper A8018-S,$105,https://media-assets.grailed.com/prd/listing/temp/36befed9fae5436191f2fa72897e6cb5?w=240&h=320&fit=clip&auto=format,https://www.grailed.com/listings/58039596-supreme-supreme-sweater-cable-knit-collar-zip-jumper-a8018-s?g_aidx=Listing_production&g_aqid=e51e43344a72233351ab54130f3e5528
Hanes Supreme White T-Shirts (3PK),$13,https://media-assets.grailed.com/prd/listing/temp/c3b248c1669b4516b78f204568440be8?w=240&h=320&fit=clip&auto=format,https://www.grailed.com/listings/58533716-supreme-hanes-supreme-white-t-shirts-3pk?g_aidx=Listing_production&g_aqid=e51e43344a72233351ab54130f3e5528
Supreme Timberland Crewneck,$119,https://media-assets.grailed.com/prd/listing/temp/e40e180d43c74176bda00576f485af42?w=240&h=320&fit=clip&auto=format,https://www.grailed.com/listings/58371478-supreme-x-timberland-supreme-timberland-crewneck?g_aidx=Listing_production&g_aqid=e51e43344a72233351ab54130f3e5528
Supreme Shattered Logo Crewneck,$115,https://media-assets.grailed.com/prd/listing/temp/8b9eadfebe7a480392bf74592450e98c?w=240&h=320&fit=clip&auto=format,https://www.grailed.com/listings/58371366-supreme-supreme-shattered-logo-crewneck?g_aidx=Listing_production&g_aqid=e51e43344a72233351ab54130f3e5528
Supreme Felt Shadow Crewneck,$106,https://media-assets.grailed.com/prd/listing/temp/5ff1208d18d04215ab9f592acfec2d8a?w=240&h=320&fit=clip&auto=format,https://www.grailed.com/listings/58371269-supreme-supreme-felt-shadow-crewneck?g_aidx=Listing_production&g_aqid=e51e43344a72233351ab54130f3e5528
Supreme Thrasher Game Tee,$39,https://media-assets.grailed.com/prd/listing/temp/29b6f5404d9f42239577a524bd824c13?w=240&h=320&fit=clip&auto=format,https://www.grailed.com/listings/58371184-supreme-x-thrasher-supreme-thrasher-game-tee?g_aidx=Listing_production&g_aqid=e51e43344a72233351ab54130f3e5528
Supreme Connected Tee,$34,https://media-assets.grailed.com/prd/listing/temp/026e6f0dde7a4e5a9f56359e8e5ec229?w=240&h=320&fit=clip&auto=format,https://www.grailed.com/listings/58371099-supreme-supreme-connected-tee?g_aidx=Listing_production&g_aqid=e51e43344a72233351ab54130f3e5528
Supreme Crash Tee,$39,https://media-assets.grailed.com/prd/listing/temp/c922af94330c4456a7b540cfb21ee850?w=240&h=320&fit=clip&auto=format,https://www.grailed.com/listings/58370997-supreme-supreme-crash-tee?g_aidx=Listing_production&g_aqid=e51e43344a72233351ab54130f3e5528
Supreme Faux Croc Football Jersey,$126,https://media-assets.grailed.com/prd/listing/temp/ec9e10414e5a4921b0bc7445f71cca60?w=240&h=320&fit=clip&auto=format,https://www.grailed.com/listings/58022772-supreme-supreme-faux-croc-football-jersey?g_aidx=Listing_production&g_aqid=9b7d2bbfd86dffb943ca7a0b18c5b1e6
Supreme Timberland double knee painter pants,$228,https://media-assets.grailed.com/prd/listing/temp/a3400a74b21a44c687765bf0c63803ee?w=240&h=320&fit=clip&auto=format,https://www.grailed.com/listings/55609507-supreme-x-timberland-supreme-timberland-double-knee-painter-pants?g_aidx=Listing_production&g_aqid=9b7d2bbfd86dffb943ca7a0b18c5b1e6
SUPREME ANDRES SERRANO PISS CHRIST HOODIE SZ SMALL,$173,https://media-assets.grailed.com/prd/listing/temp/0a5663fb0aa34ee7b037bfed149a0e68?w=240&h=320&fit=clip&auto=format,https://www.grailed.com/listings/55873800-supreme-supreme-andres-serrano-piss-christ-hoodie-sz-small?g_aidx=Listing_production&g_aqid=9b7d2bbfd86dffb943ca7a0b18c5b1e6
Supreme “Belly” Jacket,$900,https://media-assets.grailed.com/prd/listing/temp/da7691f0809d46e6ab94996afb380f3c?w=240&h=320&fit=clip&auto=format,https://www.grailed.com/listings/58165636-goretex-x-supreme-supreme-belly-jacket?g_aidx=Listing_production&g_aqid=9b7d2bbfd86dffb943ca7a0b18c5b1e6
Supreme Twist Beanie,$99,https://media-assets.grailed.com/prd/listing/temp/a5b9907951e64a5f88ec77759f9c2519?w=240&h=320&fit=clip&auto=format,https://www.grailed.com/listings/58039194-supreme-supreme-twist-beanie?g_aidx=Listing_production&g_aqid=9b7d2bbfd86dffb943ca7a0b18c5b1e6
Supreme Hoodie,$104,https://media-assets.grailed.com/prd/listing/temp/149a80be6d364af4a4c65ae75334fe66?w=240&h=320&fit=clip&auto=format,https://www.grailed.com/listings/57120338-supreme-supreme-hoodie?g_aidx=Listing_production&g_aqid=9b7d2bbfd86dffb943ca7a0b18c5b1e6
Supreme Reversible Logo Fleece,$234,https://media-assets.grailed.com/prd/listing/temp/aec1679ab9e2488f821e7b63a045957a?w=240&h=320&fit=clip&auto=format,https://www.grailed.com/listings/58333330-supreme-supreme-reversible-logo-fleece?g_aidx=Listing_production&g_aqid=9b7d2bbfd86dffb943ca7a0b18c5b1e6
Supreme Gold Cross S Logo New Era Fitted Hat,$63,https://media-assets.grailed.com/prd/listing/temp/bcde1355e8014502ae1b89d4f34b3672?w=240&h=320&fit=clip&auto=format,https://www.grailed.com/listings/58047288-new-era-x-supreme-supreme-gold-cross-s-logo-new-era-fitted-hat?g_aidx=Listing_production&g_aqid=9b7d2bbfd86dffb943ca7a0b18c5b1e6
Nike Supreme x SB Blazer Low GT QS 'Cannon',$99,https://media-assets.grailed.com/prd/listing/temp/c1d92a22e80f45ed8af1ff5e718caa7d?w=240&h=320&fit=clip&auto=format,https://www.grailed.com/listings/57731810-nike-x-supreme-nike-supreme-x-sb-blazer-low-gt-qs-cannon?g_aidx=Listing_production&g_aqid=9b7d2bbfd86dffb943ca7a0b18c5b1e6
Supreme Leigh Bowery Airbrush Button-up Shirt,$126,https://media-assets.grailed.com/prd/listing/temp/315b6508119f4a5fba893c14e0152bbd?w=240&h=320&fit=clip&auto=format,https://www.grailed.com/listings/58348260-art-x-supreme-supreme-leigh-bowery-airbrush-button-up-shirt?g_aidx=Listing_production&g_aqid=9b7d2bbfd86dffb943ca7a0b18c5b1e6
Supreme Andres Serrano “Piss Christ” Tee Worn,$30,https://media-assets.grailed.com/prd/listing/temp/69e22930e9234d6c92fc9b3a9b67b751?w=240&h=320&fit=clip&auto=format,https://www.grailed.com/listings/58348092-art-x-supreme-supreme-andres-serrano-piss-christ-tee-worn?g_aidx=Listing_production&g_aqid=9b7d2bbfd86dffb943ca7a0b18c5b1e6
Supreme Box Logo Hoodie XXL White,$198,https://media-assets.grailed.com/prd/listing/temp/aaa0e25ff10243bcb881d1ea849a7ce3?w=240&h=320&fit=clip&auto=format,https://www.grailed.com/listings/57346344-supreme-supreme-box-logo-hoodie-xxl-white?g_aidx=Listing_production&g_aqid=9b7d2bbfd86dffb943ca7a0b18c5b1e6
Supreme Dream Rayon,$108,https://media-assets.grailed.com/prd/listing/48461140/aa26339db1f24bc699acc5ccd07a3d3b?w=240&h=320&fit=clip&auto=format,https://www.grailed.com/listings/58386077-supreme-supreme-dream-rayon?g_aidx=Listing_production&g_aqid=9b7d2bbfd86dffb943ca7a0b18c5b1e6
Supreme 2024 Logo Beanie,$54,https://media-assets.grailed.com/prd/listing/temp/52f575cf5ef446e4ac13e38fb34f26e4?w=240&h=320&fit=clip&auto=format,https://www.grailed.com/listings/58446016-supreme-supreme-2024-logo-beanie?g_aidx=Listing_production&g_aqid=9b7d2bbfd86dffb943ca7a0b18c5b1e6
FW20 Supreme TNF Expedition S Logo Backpack Lime Green,$133,https://media-assets.grailed.com/prd/listing/temp/52f7e10e2f224a0bbccdfd7a14d94c48?w=240&h=320&fit=clip&auto=format,https://www.grailed.com/listings/57224687-streetwear-x-supreme-fw20-supreme-tnf-expedition-s-logo-backpack-lime-green?g_aidx=Listing_production&g_aqid=70fd9765480a0f1f6057bd162ce31516
Supreme Gradient Spacedye Beanie (SS24) Olive,$80,https://media-assets.grailed.com/prd/listing/temp/8e1fcb42e4cf4eb3ae8295e16ece7964?w=240&h=320&fit=clip&auto=format,https://www.grailed.com/listings/57711431-supreme-supreme-gradient-spacedye-beanie-ss24-olive?g_aidx=Listing_production&g_aqid=70fd9765480a0f1f6057bd162ce31516
Supreme Shanghai box logo opening sticker,$39,https://media-assets.grailed.com/prd/listing/temp/cd216770334c4f73b569d529f6445e63?w=240&h=320&fit=clip&auto=format,https://www.grailed.com/listings/58662241-supreme-supreme-shanghai-box-logo-opening-sticker?g_aidx=Listing_production&g_aqid=70fd9765480a0f1f6057bd162ce31516
Supreme Inside Out Crewneck Sweatshirt,$405,https://media-assets.grailed.com/prd/listing/temp/9a525d82a0964372b3283f8651f7633e?w=240&h=320&fit=clip&auto=format,https://www.grailed.com/listings/57445832-supreme-supreme-inside-out-crewneck-sweatshirt?g_aidx=Listing_production&g_aqid=70fd9765480a0f1f6057bd162ce31516
Supreme Person Tee Size large,$64,https://media-assets.grailed.com/prd/listing/43617359/cd6d3617bb804e81807a581d95c7500c?w=240&h=320&fit=clip&auto=format,https://www.grailed.com/listings/43617359-supreme-supreme-person-tee-size-large?g_aidx=Listing_production&g_aqid=70fd9765480a0f1f6057bd162ce31516
FW16 Shadow Plaid Coat,$189,https://media-assets.grailed.com/prd/listing/20207126/22fc3e4d45174dc891f0db9ea710fa07?w=240&h=320&fit=clip&auto=format,https://www.grailed.com/listings/57590747-supreme-fw16-shadow-plaid-coat?g_aidx=Listing_production&g_aqid=d946dff0943519270fee6cd7d9b42024
Supreme Hockey Hooded Sweatshirt,$94,https://media-assets.grailed.com/prd/listing/temp/467438527a0b47658b49388359b08b3b?w=240&h=320&fit=clip&auto=format,https://www.grailed.com/listings/53818466-supreme-supreme-hockey-hooded-sweatshirt?g_aidx=Listing_production&g_aqid=d946dff0943519270fee6cd7d9b42024
Supreme SS15 2015 Astronaut Hoodie,$104,https://media-assets.grailed.com/prd/listing/temp/403e0fb315b84b97b8cc9c2cb70cec4c?w=240&h=320&fit=clip&auto=format,https://www.grailed.com/listings/55660924-supreme-supreme-ss15-2015-astronaut-hoodie?g_aidx=Listing_production&g_aqid=d946dff0943519270fee6cd7d9b42024
Supreme Alien Tee in Blue M Short Sleeve,$44,https://media-assets.grailed.com/prd/listing/temp/a5d1e90c345d49f59f4f9f25648bed4e?w=240&h=320&fit=clip&auto=format,https://www.grailed.com/listings/50390942-supreme-supreme-alien-tee-in-blue-m-short-sleeve?g_aidx=Listing_production&g_aqid=d946dff0943519270fee6cd7d9b42024
Supreme brooks brothers seersucker hat SS14’,$157,https://media-assets.grailed.com/prd/listing/temp/e9108de8b6424bfeb970650ae3bc8440?w=240&h=320&fit=clip&auto=format,https://www.grailed.com/listings/58557378-brooks-brothers-x-supreme-supreme-brooks-brothers-seersucker-hat-ss14?g_aidx=Listing_production&g_aqid=d946dff0943519270fee6cd7d9b42024
2007 Supreme X Wtaps Metal Militia Made in USA,$45,https://media-assets.grailed.com/prd/listing/46144883/62443c3000d24dc3a00a3d70c9a82c85?w=240&h=320&fit=clip&auto=format,https://www.grailed.com/listings/58036268-supreme-x-wtaps-2007-supreme-x-wtaps-metal-militia-made-in-usa?g_aidx=Listing_production&g_aqid=d946dff0943519270fee6cd7d9b42024
Supreme White Embroidered Hoodie,$22,https://media-assets.grailed.com/prd/listing/24997858/f4de8f859d754c8680a544120689c5d0?w=240&h=320&fit=clip&auto=format,https://www.grailed.com/listings/24997858-supreme-supreme-white-embroidered-hoodie?g_aidx=Listing_production&g_aqid=d946dff0943519270fee6cd7d9b42024
SUPREME ANDREI MOLODKIN 10TH ANNIVERSARY SKATEBOARD DECK SET,$1841,https://media-assets.grailed.com/prd/listing/temp/1c5dd0da9ab045c79ec424fc64d39005?w=240&h=320&fit=clip&auto=format,https://www.grailed.com/listings/50686322-supreme-supreme-andrei-molodkin-10th-anniversary-skateboard-deck-set?g_aidx=Listing_production&g_aqid=d946dff0943519270fee6cd7d9b42024
Supreme X Champion,$375,https://media-assets.grailed.com/prd/listing/temp/8100bdb82b294dff9a7fa24c87054d91?w=240&h=320&fit=clip&auto=format,https://www.grailed.com/listings/58678362-champion-x-supreme-supreme-x-champion?g_aidx=Listing_production&g_aqid=d946dff0943519270fee6cd7d9b42024
Supreme Michael Jackson Tee - White Large,$117,https://media-assets.grailed.com/prd/listing/43777291/4da13fd677bf4676a91d132f68428b03?w=240&h=320&fit=clip&auto=format,https://www.grailed.com/listings/58291575-supreme-supreme-michael-jackson-tee-white-large?g_aidx=Listing_production&g_aqid=d946dff0943519270fee6cd7d9b42024
Supreme Muhammad Ali Tee - White Large,$97,https://media-assets.grailed.com/prd/listing/43776640/2bd7375cd0aa4edfb356125d99558e8b?w=240&h=320&fit=clip&auto=format,https://www.grailed.com/listings/58291563-supreme-supreme-muhammad-ali-tee-white-large?g_aidx=Listing_production&g_aqid=d946dff0943519270fee6cd7d9b42024
2-Tone Paneled Denim Jean,$283,https://media-assets.grailed.com/prd/listing/temp/51e30db2abc041ab91da25acfca4441c?w=240&h=320&fit=clip&auto=format,https://www.grailed.com/listings/55420172-supreme-2-tone-paneled-denim-jean?g_aidx=Listing_production&g_aqid=d946dff0943519270fee6cd7d9b42024
Supreme Box Logo Long sleeve,$72,https://media-assets.grailed.com/prd/listing/temp/82cdf3118c4940be9e237b146e4b79e2?w=240&h=320&fit=clip&auto=format,https://www.grailed.com/listings/58644983-supreme-supreme-box-logo-long-sleeve?g_aidx=Listing_production&g_aqid=d946dff0943519270fee6cd7d9b42024
Supreme Comme des Garcons SHIRT Box Logo T-Shirt M Polka Dot,$152,https://media-assets.grailed.com/prd/listing/temp/c98895b9c0d348d09d7f069b346e3d98?w=240&h=320&fit=clip&auto=format,https://www.grailed.com/listings/57440056-comme-des-garcons-shirt-x-supreme-supreme-comme-des-garcons-shirt-box-logo-t-shirt-m-polka-dot?g_aidx=Listing_production&g_aqid=d946dff0943519270fee6cd7d9b42024
Supreme 20th Anniversary Taxi Driver Skateboard 2014 Natural,$90,https://media-assets.grailed.com/prd/listing/temp/ad5f3b0937274947963f71285bbef9c7?w=240&h=320&fit=clip&auto=format,https://www.grailed.com/listings/56069668-supreme-supreme-20th-anniversary-taxi-driver-skateboard-2014-natural?g_aidx=Listing_production&g_aqid=d946dff0943519270fee6cd7d9b42024
Supreme Polartec Camp Cap,$32,https://media-assets.grailed.com/prd/listing/40412504/0bf5c125db38457d8d9c0a41289e4d69?w=240&h=320&fit=clip&auto=format,https://www.grailed.com/listings/58035340-supreme-supreme-polartec-camp-cap?g_aidx=Listing_production&g_aqid=d946dff0943519270fee6cd7d9b42024
Come Des Garcons X Supreme ss13 camo shirt,$179,https://media-assets.grailed.com/prd/listing/temp/acc000f122704e5c89cad2f0352e7e89?w=240&h=320&fit=clip&auto=format,https://www.grailed.com/listings/57454609-comme-des-garcons-x-japanese-brand-x-supreme-come-des-garcons-x-supreme-ss13-camo-shirt?g_aidx=Listing_production&g_aqid=d946dff0943519270fee6cd7d9b42024
Come Des Garcons X Supreme ss13 camo shirt,$179,https://media-assets.grailed.com/prd/listing/temp/8b15f5bbb6d84e3ab0652769e657cfc5?w=240&h=320&fit=clip&auto=format,https://www.grailed.com/listings/57454578-comme-des-garcons-x-japanese-brand-x-supreme-come-des-garcons-x-supreme-ss13-camo-shirt?g_aidx=Listing_production&g_aqid=d946dff0943519270fee6cd7d9b42024
Supreme 6 panel cap FW17,$24,https://media-assets.grailed.com/prd/listing/42806914/c967aed55f254e1a83709d6cc92c5641?w=240&h=320&fit=clip&auto=format,https://www.grailed.com/listings/52572732-streetwear-x-supreme-supreme-6-panel-cap-fw17?g_aidx=Listing_production&g_aqid=6442a085a8f82e7bcfa6f75c4088da35
Supreme Smile Tee / RARE ORANGE CUSTOM,$58,https://media-assets.grailed.com/prd/listing/temp/b107d5cfd7924c8cac51efc60f97f8d1?w=240&h=320&fit=clip&auto=format,https://www.grailed.com/listings/58250876-supreme-supreme-smile-tee-rare-orange-custom?g_aidx=Listing_production&g_aqid=6442a085a8f82e7bcfa6f75c4088da35
Supreme Scarface Knit Sweater,$194,https://media-assets.grailed.com/prd/listing/temp/0e9ff3cf64fd48a6875d8782e94591ac?w=240&h=320&fit=clip&auto=format,https://www.grailed.com/listings/57669312-supreme-supreme-scarface-knit-sweater?g_aidx=Listing_production&g_aqid=6442a085a8f82e7bcfa6f75c4088da35
Supreme spellout embroidered track jacket,$360,https://media-assets.grailed.com/prd/listing/temp/4a7e3f1a997c4826b864d110a8fab878?w=240&h=320&fit=clip&auto=format,https://www.grailed.com/listings/58527820-supreme-supreme-spellout-embroidered-track-jacket?g_aidx=Listing_production&g_aqid=6442a085a8f82e7bcfa6f75c4088da35
Supreme Tiffany & Co.Box Logo Tee White,$189,https://media-assets.grailed.com/prd/listing/temp/fe9004939ec749f3b437d24d3e82642e?w=240&h=320&fit=clip&auto=format,https://www.grailed.com/listings/58037453-supreme-supreme-tiffany-co-box-logo-tee-white?g_aidx=Listing_production&g_aqid=6442a085a8f82e7bcfa6f75c4088da35
Vans x Supreme Sk8-Hi Pro Campbell Soup,$144,https://media-assets.grailed.com/prd/listing/temp/dac77d589f4547c98da140f6cfd910ac?w=240&h=320&fit=clip&auto=format,https://www.grailed.com/listings/49391090-supreme-x-vans-vans-x-supreme-sk8-hi-pro-campbell-soup?g_aidx=Listing_production&g_aqid=6442a085a8f82e7bcfa6f75c4088da35
Supreme Shoulder Bag,$72,https://media-assets.grailed.com/prd/listing/temp/40745840482340bea9ce4f2432d9d693?w=240&h=320&fit=clip&auto=format,https://www.grailed.com/listings/58235216-made-in-usa-x-streetwear-x-supreme-supreme-shoulder-bag?g_aidx=Listing_production&g_aqid=6442a085a8f82e7bcfa6f75c4088da35
2012 Supreme Tartan Plaid - RARE,$178,https://media-assets.grailed.com/prd/listing/45613697/1992ea88f64245f18adc55fd595c093b?w=240&h=320&fit=clip&auto=format,https://www.grailed.com/listings/57386542-supreme-2012-supreme-tartan-plaid-rare?g_aidx=Listing_production&g_aqid=6442a085a8f82e7bcfa6f75c4088da35
Supreme x nike air force 1 HIGH world famous,$534,https://media-assets.grailed.com/prd/listing/temp/2def66af97a54f039fa5e3e4bf9fcbd3?w=240&h=320&fit=clip&auto=format,https://www.grailed.com/listings/58561933-nike-x-supreme-supreme-x-nike-air-force-1-high-world-famous?g_aidx=Listing_production&g_aqid=60a0121fddd8b1bbb3a09b6ce5502422
Supreme Motion Logo Shirt,$70,https://media-assets.grailed.com/prd/listing/temp/c2c4d5a609154fffb152688bec27c91f?w=240&h=320&fit=clip&auto=format,https://www.grailed.com/listings/58709095-streetwear-x-supreme-x-vintage-supreme-motion-logo-shirt?g_aidx=Listing_production&g_aqid=60a0121fddd8b1bbb3a09b6ce5502422
supreme hanes socks *2 pairs,$28,https://media-assets.grailed.com/prd/listing/48890704/bc22e15dcca44f939ff46b6351654abc?w=240&h=320&fit=clip&auto=format,https://www.grailed.com/listings/58708816-supreme-supreme-hanes-socks-2-pairs?g_aidx=Listing_production&g_aqid=60a0121fddd8b1bbb3a09b6ce5502422
Supreme ganesh fur faux jacket,$486,https://media-assets.grailed.com/prd/listing/temp/b45b91db478f4941b87cbab34ece25d9?w=240&h=320&fit=clip&auto=format,https://www.grailed.com/listings/57991583-supreme-supreme-ganesh-fur-faux-jacket?g_aidx=Listing_production&g_aqid=60a0121fddd8b1bbb3a09b6ce5502422
Supreme®/The North Face® S/S Top - Red - Medium,$142,https://media-assets.grailed.com/prd/listing/temp/fc6d307c686349669797159f052f6c87?w=240&h=320&fit=clip&auto=format,https://www.grailed.com/listings/57446789-supreme-x-the-north-face-supreme-the-north-face-s-s-top-red-medium?g_aidx=Listing_production&g_aqid=60a0121fddd8b1bbb3a09b6ce5502422
SUPREME BOX LOGO SLEEVE PATCH HOODIE,$129,https://media-assets.grailed.com/prd/listing/38502272/cc0dce38fd474bb09e3607af35d9b72f?w=240&h=320&fit=clip&auto=format,https://www.grailed.com/listings/54358823-supreme-supreme-box-logo-sleeve-patch-hoodie?g_aidx=Listing_production&g_aqid=60a0121fddd8b1bbb3a09b6ce5502422
SUPREME YANKEES BOX LOGO,$145,https://media-assets.grailed.com/prd/listing/38502218/150584dabaf94367a221c59dae4bb32d?w=240&h=320&fit=clip&auto=format,https://www.grailed.com/listings/54358810-supreme-x-yankees-supreme-yankees-box-logo?g_aidx=Listing_production&g_aqid=60a0121fddd8b1bbb3a09b6ce5502422
Supreme MF Doom Tee Shirt Black Size M,$108,https://media-assets.grailed.com/prd/listing/temp/8b60e031f73241a1a7371553a71a6e6d?w=240&h=320&fit=clip&auto=format,https://www.grailed.com/listings/57456483-supreme-supreme-mf-doom-tee-shirt-black-size-m?g_aidx=Listing_production&g_aqid=60a0121fddd8b1bbb3a09b6ce5502422
Supreme Inside Out Box Logo - Black - Medium,$181,https://media-assets.grailed.com/prd/listing/47165539/aec4f1c769224fc5b428e192d01cec0b?w=240&h=320&fit=clip&auto=format,https://www.grailed.com/listings/57384152-supreme-supreme-inside-out-box-logo-black-medium?g_aidx=Listing_production&g_aqid=60a0121fddd8b1bbb3a09b6ce5502422
Supreme Raymay Pocket Microscope Keychain,$57,https://media-assets.grailed.com/prd/listing/44347252/86cbde7228c9463fa3657769d7286349?w=240&h=320&fit=clip&auto=format,https://www.grailed.com/listings/57384309-supreme-supreme-raymay-pocket-microscope-keychain?g_aidx=Listing_production&g_aqid=60a0121fddd8b1bbb3a09b6ce5502422
SS21 Supreme Loose Gauge Beanie BEIGE,$80,https://media-assets.grailed.com/prd/listing/45911391/275d21cff0b24be59b70e8405f0ee0ab?w=240&h=320&fit=clip&auto=format,https://www.grailed.com/listings/57704794-supreme-ss21-supreme-loose-gauge-beanie-beige?g_aidx=Listing_production&g_aqid=b940268ad7e76b1a0de3f762eebec7c0
Supreme Inverted Stripe S/S Top,$88,https://media-assets.grailed.com/prd/listing/temp/ad858460f8d84e928943c005fe9a27e3?w=240&h=320&fit=clip&auto=format,https://www.grailed.com/listings/58681588-supreme-supreme-inverted-stripe-s-s-top?g_aidx=Listing_production&g_aqid=b940268ad7e76b1a0de3f762eebec7c0
SUPREME X THE NORTH FACE BEANIE SULPHUR FW 2018,$78,https://media-assets.grailed.com/prd/listing/36756985/402e44248ed64404931b66afe915c665?w=240&h=320&fit=clip&auto=format,https://www.grailed.com/listings/57057598-supreme-x-the-north-face-supreme-x-the-north-face-beanie-sulphur-fw-2018?g_aidx=Listing_production&g_aqid=b940268ad7e76b1a0de3f762eebec7c0
Supreme X Playboy Denim Jacket SS14,$495,https://media-assets.grailed.com/prd/listing/temp/0e8b8f84272d480899900876db590289?w=240&h=320&fit=clip&auto=format,https://www.grailed.com/listings/57838345-playboy-x-supreme-supreme-x-playboy-denim-jacket-ss14?g_aidx=Listing_production&g_aqid=b940268ad7e76b1a0de3f762eebec7c0
