Name,Description,Price,Image URLs
Supreme®/Dr. Martens® 1461 3-Eye Shoe,"Smooth leather upper with topcoat that reveals color with wear. AirWair® cushion sole, printed logos on insole and debossed logo at heel. Made exclusively for Supreme.",$188,"['https://us.supreme.com/cdn/shop/files/SNE3_SS24_Dr.Martens3EyeShoe_Multicolor05_720x.jpg?v=1710770386', 'https://us.supreme.com/cdn/shop/files/SNE3_SS24_Dr.Martens3EyeShoe_Black01_720x.jpg?v=1710770363']"
GORE-TEX Taped Seam Shell Jacket,"Waterproof, breathable GORE-TEX poly 3-layer shell with taped seams and tricot backing. Waterproof full zip closure with waterproof zip pockets at lower front and chest. Interior zip and pouch pockets. Interior elastic shockcord at fixed hood and hem with velcro tab adjusters at cuffs. Embroidered logos on hood, neck guard and cuffs with printed logo on sleeve.",$398,"['https://us.supreme.com/cdn/shop/files/J12_SS24_Gore-TexKermitJacket_Orange02.2_720x.jpg?v=1710513498', 'https://us.supreme.com/cdn/shop/files/J12_SS24_Gore-TexKermitJacket_Black02.2_720x.jpg?v=1710513438', 'https://us.supreme.com/cdn/shop/files/J12_SS24_Gore-TexKermitJacket_Purple02.2_720x.jpg?v=1710940902']"
RealTree® Reversible Quilted Work Jacket,All cotton twill with 3M® Thinsulate™ insulation. Full zip closure with snap placket. Welt hand pockets at lower front with knit rib cuffs. Embroidered logo patch on chest. RealTree® Camo quilted reverse side with patch pockets at lower front.,$248,"['https://us.supreme.com/cdn/shop/files/J18_SS24_ReversibleRealTreeJacket_TimberWhiteCamo04_Reshoot_720x.jpg?v=1710772203', 'https://us.supreme.com/cdn/shop/files/J18_SS24_ReversibleRealTreeJacket_Black04_720x.jpg?v=1710772232']"
Micro Down Jacket,Water resistant Pertex® recycled nylon with down filled quilted baffles and nylon lining. Full zip closure with zip hand pockets at lower front and interior zip pocket. Interior elastic shockcord at hem with elastic binding at cuffs. Embroidered logo patch on chest. Packable into interior pouch.,$248,"['https://us.supreme.com/cdn/shop/files/J17_SS24_MicroDownFullZip_Royal02_720x.jpg?v=1709909604', 'https://us.supreme.com/cdn/shop/files/J17_SS24_MicroDownFullZip_Olive02_720x.jpg?v=1709909632', 'https://us.supreme.com/cdn/shop/files/J17_SS24_MicroDownFullZip_Black02_720x.jpg?v=1709909544', 'https://us.supreme.com/cdn/shop/files/J17_SS24_MicroDownFullZip_White02_720x.jpg?v=1709909569']"
Inset Link Track Jacket,"Water resistant Supplex® nylon taslan with inset pattern, mesh and taffeta lining. Full zip closure with welt zip hand pockets at lower front and interior chest pocket. Elastic cuffs and hem. Embroidered logo on chest and logo appliqué at back.",$178,[]
Muppets Fleece Jacket,"Polar fleece with printed graphic and full zip closure. Zip hand pockets at lower front and zip chest pocket. Elastic binding at collar, cuffs and hem.",$328,['https://us.supreme.com/cdn/shop/files/J62_SS24_MuppetsPrintedFleece_MultiColor01_720x.jpg?v=1710944398']
Confetti Cardigan,Acrylic blend with metallic yarn. Button front closure with hand pockets at lower front. Embroidered logo on left pocket.,$178,"['https://us.supreme.com/cdn/shop/files/SK4_SS24_ConfettiCardigan_Brown_720x.jpg?v=1710253511', 'https://us.supreme.com/cdn/shop/files/SK4_SS24_ConfettiCardigan_SlateBlue_720x.jpg?v=1710253492', 'https://us.supreme.com/cdn/shop/files/SK4_SS24_ConfettiCardigan_Black_720x.jpg?v=1709911066']"
Bouclé Small Box Sweater,All cotton bouclé with embroidered logo patch on chest.,$148,"['https://us.supreme.com/cdn/shop/files/SK17_SS24_BoucleSmallBoxCrewneck_Purple_720x.jpg?v=1710515101', 'https://us.supreme.com/cdn/shop/files/SK17_SS24_BoucleSmallBoxCrewneck_Red_720x.jpg?v=1710514939', 'https://us.supreme.com/cdn/shop/files/SK17_SS24_BoucleSmallBoxCrewneck_Black_720x.jpg?v=1710515035', 'https://us.supreme.com/cdn/shop/files/SK17_SS24_BoucleSmallBoxCrewneck_Navy_720x.jpg?v=1710515018', 'https://us.supreme.com/cdn/shop/files/SK17_SS24_BoucleSmallBoxCrewneck_BrightLime_720x.jpg?v=1710515003']"
Plaid Flannel Shirt,All cotton flannel with button down collar. Embroidered logo on single chest pocket.,$138,"['https://us.supreme.com/cdn/shop/files/S4_SS24_PlaidFlannelShirt_Tan_720x.jpg?v=1710513776', 'https://us.supreme.com/cdn/shop/files/S4_SS24_PlaidFlannelShirt_Black_720x.jpg?v=1710513749', 'https://us.supreme.com/cdn/shop/files/S4_SS24_PlaidFlannelShirt_Blue_720x.jpg?v=1710513862']"
Snake S/S Shirt,Viscose with single chest pocket.,$148,"['https://us.supreme.com/cdn/shop/files/S28_SS24_SnakeShirt_Olive02_720x.jpg?v=1710514050', 'https://us.supreme.com/cdn/shop/files/S28_SS24_SnakeShirt_White02_720x.jpg?v=1710514066', 'https://us.supreme.com/cdn/shop/files/S28_SS24_SnakeShirt_Pink02_720x.jpg?v=1710514092']"
Futura Hooded Sweatshirt,Brushed-back fleece with rib gussets and pouch pocket. Embroidered logo on chest and embroidered graphic on hood. Original artwork by Futura.,$158,"['https://us.supreme.com/cdn/shop/files/SW50_SS24_FurturaHoodedSweatshirt_Black_720x.jpg?v=1710514488', 'https://us.supreme.com/cdn/shop/files/SW50_SS24_FurturaHoodedSweatshirt_Violet_720x.jpg?v=1710514621', 'https://us.supreme.com/cdn/shop/files/SW50_SS24_FurturaHoodedSweatshirt_AshGrey_720x.jpg?v=1710514397', 'https://us.supreme.com/cdn/shop/files/SW50_SS24_FurturaHoodedSweatshirt_BrightOrange_720x.jpg?v=1710514533', 'https://us.supreme.com/cdn/shop/files/SW50_SS24_FurturaHoodedSweatshirt_DarkOlive_720x.jpg?v=1710514501']"
$ Hooded Sweatshirt,Brushed-back fleece with pouch pocket. Tackle twill graphic appliqué at chest and embroidered logo on hood.,$158,"['https://us.supreme.com/cdn/shop/files/SW58_SS24_UsdHoodedSweatshirt_Red_720x.jpg?v=1709910936', 'https://us.supreme.com/cdn/shop/files/SW58_SS24_UsdHoodedSweatshirt_LtPurple_720x.jpg?v=1709910825', 'https://us.supreme.com/cdn/shop/files/SW58_SS24_UsdHoodedSweatshirt_HeatherGrey_720x.jpg?v=1709910960', 'https://us.supreme.com/cdn/shop/files/SW58_SS24_UsdHoodedSweatshirt_Black_720x.jpg?v=1709910923', 'https://us.supreme.com/cdn/shop/files/SW58_SS24_UsdHoodedSweatshirt_Gold_720x.jpg?v=1709910976', 'https://us.supreme.com/cdn/shop/files/SW58_SS24_UsdHoodedSweatshirt_Navy_720x.jpg?v=1709910911', 'https://us.supreme.com/cdn/shop/files/SW58_SS24_UsdHoodedSweatshirt_DesertCamo_720x.jpg?v=1709910894']"
Pinstripe Crewneck,Brushed-back fleece with rib gussets. Embroidered logo on chest.,$148,"['https://us.supreme.com/cdn/shop/files/SW41_SS24_PinstripeCrewneck_HeatherGreyPinstripe_720x.jpg?v=1710514700', 'https://us.supreme.com/cdn/shop/files/SW41_SS24_PinstripeCrewneck_OldNavyPinstripe_720x.jpg?v=1710514787', 'https://us.supreme.com/cdn/shop/files/SW41_SS24_PinstripeCrewneck_PinkPinstripe_720x.jpg?v=1710514768']"
Gradient Hooded Sweatshirt,Brushed-back fleece with pouch pocket. Printed logo on chest.,$158,"['https://us.supreme.com/cdn/shop/files/SW42_SS24_SabotageHoodedSweatshirt_Royal_720x.jpg?v=1709910551', 'https://us.supreme.com/cdn/shop/files/SW42_SS24_SabotageHoodedSweatshirt_HeatherGrey_720x.jpg?v=1710253394', 'https://us.supreme.com/cdn/shop/files/SW42_SS24_SabotageHoodedSweatshirt_Brown_720x.jpg?v=1709910462', 'https://us.supreme.com/cdn/shop/files/SW42_SS24_SabotageHoodedSweatshirt_LightPink_720x.jpg?v=1709910063', 'https://us.supreme.com/cdn/shop/files/SW42_SS24_SabotageHoodedSweatshirt_Black_720x.jpg?v=1709910070']"
Hooded Zip Up Thermal,All cotton waffle thermal with full zip closure and pouch pocket. Woven logo label at pocket.,$128,"['https://us.supreme.com/cdn/shop/files/KN12_SS24_ThermalZipTop_WoodlandCamo_720x.jpg?v=1710515459', 'https://us.supreme.com/cdn/shop/files/KN12_SS24_ThermalZipTop_PinkCamo_720x.jpg?v=1710515429', 'https://us.supreme.com/cdn/shop/files/KN12_SS24_ThermalZipTop_Black_720x.jpg?v=1710515413', 'https://us.supreme.com/cdn/shop/files/KN12_SS24_ThermalZipTop_Natural_720x.jpg?v=1710515389']"
Spiderweb Football Jersey,"Poly eyelet mesh with printed logo on chest. Printed graphics on chest, shoulders and back. Athletic label at lower front.",$110,"['https://us.supreme.com/cdn/shop/files/KN63_SS24_SpiderwebFootballJersey_Otange01_720x.jpg?v=1710515736', 'https://us.supreme.com/cdn/shop/files/KN63_SS24_SpiderwebFootballJersey_Black01_720x.jpg?v=1710515663', 'https://us.supreme.com/cdn/shop/files/KN63_SS24_SpiderwebFootballJersey_Navy01_720x.jpg?v=1710515680', 'https://us.supreme.com/cdn/shop/files/KN63_SS24_SpiderwebFootballJersey_White01_720x.jpg?v=1710515592']"
Washed Tag S/S Top,All cotton jersey crewneck with embroidered logo on chest.,$54,"['https://us.supreme.com/cdn/shop/files/KN27_SS24_TagWashedTop_WashedBlack_720x.jpg?v=1710515907', 'https://us.supreme.com/cdn/shop/files/KN27_SS24_TagWashedTop_WashedLightRoyal_720x.jpg?v=1710515814', 'https://us.supreme.com/cdn/shop/files/KN27_SS24_TagWashedTop_WashedLavender_720x.jpg?v=1710515894', 'https://us.supreme.com/cdn/shop/files/KN27_SS24_TagWashedTop_WashedOlive_720x.jpg?v=1710515987', 'https://us.supreme.com/cdn/shop/files/KN27_SS24_TagWashedTop_WashedBrightYellow_720x.jpg?v=1710515936', 'https://us.supreme.com/cdn/shop/files/KN27_SS24_TagWashedTop_WashedOrange_720x.jpg?v=1710515950', 'https://us.supreme.com/cdn/shop/files/KN27_SS24_TagWashedTop_WashedWhite_720x.jpg?v=1710515961']"
Halftone S/S Top,All cotton jersey crewneck with printed logo on front and back.,$88,"['https://us.supreme.com/cdn/shop/files/KN64_SS24_HalftoneSSTop_BrightGreen01_720x.jpg?v=1710515219', 'https://us.supreme.com/cdn/shop/files/KN64_SS24_HalftoneSSTop_Black01_720x.jpg?v=1710515185', 'https://us.supreme.com/cdn/shop/files/KN64_SS24_HalftoneSSTop_Red01_720x.jpg?v=1710515293', 'https://us.supreme.com/cdn/shop/files/KN64_SS24_HalftoneSSTop_White01_720x.jpg?v=1710515305']"
Overprint Knowledge S/S Top,All cotton slub jersey crewneck with printed graphic on front.,$88,"['https://us.supreme.com/cdn/shop/files/KN62_SS24_OverprintSlubTop_Navy_720x.jpg?v=1709911536', 'https://us.supreme.com/cdn/shop/files/KN62_SS24_OverprintSlubTop_Orange_720x.jpg?v=1709911573', 'https://us.supreme.com/cdn/shop/files/KN62_SS24_OverprintSlubTop_Black_720x.jpg?v=1709911590', 'https://us.supreme.com/cdn/shop/files/KN62_SS24_OverprintSlubTop_Cream_720x.jpg?v=1709911549']"
Layered Hooded L/S Top,All cotton jersey with embroidered logo on hood and printed logos on sleeves.,$98,"['https://us.supreme.com/cdn/shop/files/KN40_SS24_HoodedTwoLayerLSTop_Olive_720x.jpg?v=1709911405', 'https://us.supreme.com/cdn/shop/files/KN40_SS24_HoodedTwoLayerLSTop_Black_720x.jpg?v=1709911393', 'https://us.supreme.com/cdn/shop/files/KN40_SS24_HoodedTwoLayerLSTop_Tan_720x.jpg?v=1709911416']"
$ Sweatpant,Brushed-back fleece with on seam hand pockets and single back patch pocket. Elastic cuffs and waistband with interior drawcord. Tackle twill graphic appliqué at thigh and embroidered logo on back pocket.,$158,"['https://us.supreme.com/cdn/shop/files/P54_SS24_UsdSweatpant_Black01_720x.jpg?v=1709912277', 'https://us.supreme.com/cdn/shop/files/P54_SS24_UsdSweatpant_DesertCamo01_720x.jpg?v=1709912236', 'https://us.supreme.com/cdn/shop/files/P54_SS24_UsdSweatpant_Navy01_720x.jpg?v=1709912208', 'https://us.supreme.com/cdn/shop/files/P54_SS24_UsdSweatpant_Red01_720x.jpg?v=1709912252', 'https://us.supreme.com/cdn/shop/files/P54_SS24_UsdSweatpant_LtPurple01_720x.jpg?v=1709912292', 'https://us.supreme.com/cdn/shop/files/P54_SS24_UsdSweatpant_HeatherGrey01_720x.jpg?v=1709912225', 'https://us.supreme.com/cdn/shop/files/P54_SS24_UsdSweatpant_Gold01_720x.jpg?v=1709912264']"
Distressed Loose Fit Selvedge Jean,"All cotton 13 oz. Japanese English denim with loose fit, heavy wash and hand-applied distressed treatment. Classic 5-pocket style with button fly, single coin pocket, copper oxide rivets and embroidered logo on back pocket. Made in Japan.",$298,"['https://us.supreme.com/cdn/shop/files/P24_SS24_LooseFitWornJeans_WashedIndigo01_720x.jpg?v=1710516210', 'https://us.supreme.com/cdn/shop/files/P24_SS24_LooseFitWornJeans_WashedBlack01_720x.jpg?v=1710516192']"
Snake Print Chino Pant,"All cotton chino twill with printed pattern and enzyme wash. Relaxed fit with on seam hand pockets, welt back pockets, hidden coin pocket and button fly closure. Embroidered logo on back pocket.",$148,"['https://us.supreme.com/cdn/shop/files/P48_SS24_SnakePrintChino_PalePink01_720x.jpg?v=1710516482', 'https://us.supreme.com/cdn/shop/files/P48_SS24_SnakePrintChino_Charcoal01_720x.jpg?v=1710516435', 'https://us.supreme.com/cdn/shop/files/P48_SS24_SnakePrintChino_Olive01_720x.jpg?v=1710516454']"
Work Pant,"Heavy cotton blend twill with enzyme wash. Slanted front pockets, zip fly, single coin pocket and snap closure on back pocket. Welt utility pocket at side.",$128,"['https://us.supreme.com/cdn/shop/files/P19_SS24_WorkPant_Brown01_720x.jpg?v=1709911764', 'https://us.supreme.com/cdn/shop/files/P19_SS24_WorkPant_Tan01_720x.jpg?v=1709911735', 'https://us.supreme.com/cdn/shop/files/P19_SS24_WorkPant_Black01_720x.jpg?v=1709911804', 'https://us.supreme.com/cdn/shop/files/P19_SS24_WorkPant_BrightRed01_720x.jpg?v=1709911751', 'https://us.supreme.com/cdn/shop/files/P19_SS24_WorkPant_LtNavy01_720x.jpg?v=1709911775', 'https://us.supreme.com/cdn/shop/files/P19_SS24_WorkPant_Olive01_720x.jpg?v=1709911790']"
Pinstripe Sweatshort,Brushed-back fleece with on seam hand pockets and single back patch pocket. Elastic waistband with interior drawcord. Embroidered logo on back pocket.,$118,"['https://us.supreme.com/cdn/shop/files/SH27_SS24_PinstripeSweatshort_OldNavyPinstripe01_720x.jpg?v=1710517596', 'https://us.supreme.com/cdn/shop/files/SH27_SS24_PinstripeSweatshort_PinkPinstripe01_720x.jpg?v=1710517614', 'https://us.supreme.com/cdn/shop/files/SH27_SS24_PinstripeSweatshort_HeatherGreyPinstripe01_720x.jpg?v=1710517567']"
Sharpie® Box Logo New Era®,"Poly New Era® 59FIFTY baseball hat with embroideries on front, sides and back. Includes tonal Sharpie® marker.",$58,"['https://us.supreme.com/cdn/shop/files/H6_SS24_DigitalNewEra_Red01_720x.jpg?v=1709912444', 'https://us.supreme.com/cdn/shop/files/H6_SS24_DigitalNewEra_SouthWestBlue01_720x.jpg?v=1709912412', 'https://us.supreme.com/cdn/shop/files/H6_SS24_DigitalNewEra_DarkGreen01_720x.jpg?v=1709912473', 'https://us.supreme.com/cdn/shop/files/H6_SS24_DigitalNewEra_Black01_720x.jpg?v=1709912486', 'https://us.supreme.com/cdn/shop/files/H6_SS24_DigitalNewEra_Pink01_720x.jpg?v=1709912425']"
Military Camp Cap,All cotton Supreme camp cap with embroidered graphic on back.,$48,"['https://us.supreme.com/cdn/shop/files/H16_SS24_MilitaryCC_OliveTigerCamo01_720x.jpg?v=1710516978', 'https://us.supreme.com/cdn/shop/files/H16_SS24_MilitaryCC_LightBlue01_720x.jpg?v=1710516810', 'https://us.supreme.com/cdn/shop/files/H16_SS24_MilitaryCC_Black01_720x.jpg?v=1710516834', 'https://us.supreme.com/cdn/shop/files/H16_SS24_MilitaryCC_Olive01_720x.jpg?v=1710516848', 'https://us.supreme.com/cdn/shop/files/H16_SS24_MilitaryCC_RedTigerCamo01_720x.jpg?v=1710516895', 'https://us.supreme.com/cdn/shop/files/H16_SS24_MilitaryCC_Orange01_720x.jpg?v=1710516930']"
Black Cat Mesh Back 5-Panel,Cotton blend twill 5-Panel hat with mesh back and snap closure. Embroidered patch on front and embroidered logo on back.,$48,"['https://us.supreme.com/cdn/shop/files/H40_SS24_BlackCatMeshBack5P_Royal01_720x.jpg?v=1710516700', 'https://us.supreme.com/cdn/shop/files/H40_SS24_BlackCatMeshBack5P_WoodlandCamo01_720x.jpg?v=1710516653', 'https://us.supreme.com/cdn/shop/files/H40_SS24_BlackCatMeshBack5P_Red01_720x.jpg?v=1710516678', 'https://us.supreme.com/cdn/shop/files/H40_SS24_BlackCatMeshBack5P_Black01_720x.jpg?v=1710516689']"
GORE-TEX Sunshield Hat,"Waterproof, breathable GORE-TEX nylon sunshield hat with interior elastic shockcord closure. Woven logo label at front and embroidered logo on side.",$68,"['https://us.supreme.com/cdn/shop/files/H71_SS24_GoretexSafariHat_Black01_720x.jpg?v=1710517101', 'https://us.supreme.com/cdn/shop/files/H71_SS24_GoretexSafariHat_Yellow01_720x.jpg?v=1710517082', 'https://us.supreme.com/cdn/shop/files/H71_SS24_GoretexSafariHat_Brown01_720x.jpg?v=1710517127', 'https://us.supreme.com/cdn/shop/files/H71_SS24_GoretexSafariHat_Blue01_720x.jpg?v=1710517158', 'https://us.supreme.com/cdn/shop/files/H71_SS24_GoretexSafariHat_Navy01_720x.jpg?v=1710517169']"
New Era® $ Beanie,Acrylic cuffed beanie with tackle twill logo appliqué and embroideries on cuff.,$40,"['https://us.supreme.com/cdn/shop/files/BN11_SS24_NewEraDollarBN_HeatherGrey01_720x.jpg?v=1709913001', 'https://us.supreme.com/cdn/shop/files/BN11_SS24_NewEraDollarBN_Gold01_720x.jpg?v=1709912871', 'https://us.supreme.com/cdn/shop/files/BN11_SS24_NewEraDollarBN_DesertCamo01_720x.jpg?v=1709912912', 'https://us.supreme.com/cdn/shop/files/BN11_SS24_NewEraDollarBN_Black01_720x.jpg?v=1709912862', 'https://us.supreme.com/cdn/shop/files/BN11_SS24_NewEraDollarBN_Red01_720x.jpg?v=1709912931', 'https://us.supreme.com/cdn/shop/files/BN11_SS24_NewEraDollarBN_Lavender01_720x.jpg?v=1709912883', 'https://us.supreme.com/cdn/shop/files/BN11_SS24_NewEraDollarBN_Navy01_720x.jpg?v=1709912980']"
Supreme®/Mac Tools® Utility Cart,"Utility cart with 18-Gauge steel construction and 4"" casters. Two 3"" deep storage shelves with custom metal logo badges and rubber mat. 30”x 35.5"" x 16"". 350 lb. capacity. Made exclusively for Supreme.",$498,['https://us.supreme.com/cdn/shop/files/A68_SS24_MacUtilityCart_Red02_720x.jpg?v=1708972009']
Repeat Leather Belt,Cowhide leather belt with embossed printed logo pattern. Debossed logo at back.,$148,"['https://us.supreme.com/cdn/shop/files/A27_SS24_WaistbandBelt_WoodlandCamo01_720x.jpg?v=1710517350', 'https://us.supreme.com/cdn/shop/files/A27_SS24_WaistbandBelt_Red01_720x.jpg?v=1710517319', 'https://us.supreme.com/cdn/shop/files/A27_SS24_WaistbandBelt_Black01_720x.jpg?v=1710517363']"
Supreme®/Diamond Matches (Pack of 75),Pack of 75 long reach matches. Made exclusively for Supreme.,$8,['https://us.supreme.com/cdn/shop/files/A56_SS24_DiamondMatches_Group03_720x.jpg?v=1709913078']
Supreme®/Hanes® Tagless Tees (2 Pack),All cotton classic Hanes® crewneck tee with stamped logo on lower front.,$32,['https://us.supreme.com/cdn/shop/files/A12_SS24_HanesTaglessTShirt_HeatherGrey03_720x.jpg?v=1707840269']
Supreme®/Hanes® Boxer Briefs (4 Pack),All cotton classic Hanes® boxer brief.,$40,"['https://us.supreme.com/cdn/shop/products/g_T-SZHg26A_720x.jpg?v=1671833396', 'https://us.supreme.com/cdn/shop/products/tun_EOrcwM_720x.jpg?v=1671833396']"
Supreme®/Hanes® Crew Socks (4 Pack),Cotton blend Hanes® cushion comfort crew sock with jacquard logo at top.,$24,"['https://us.supreme.com/cdn/shop/products/EDccMjVM8Q4_720x.jpg?v=1671833397', 'https://us.supreme.com/cdn/shop/products/h8iZc0Wh6Do_720x.jpg?v=1671833397']"
Supreme®/Hanes® Tagless Tank Tops (3 Pack),All cotton classic Hanes® tank top with stamped logo on lower front.,$28,['https://us.supreme.com/cdn/shop/files/A40_SS24_HanesTaglessTanks_HeatherGrey03_720x.jpg?v=1707847728']
Futura Skateboard,Full dipped Supreme skate deck with printed graphic on top and bottom. Original artwork by Futura.,$60,"['https://us.supreme.com/cdn/shop/files/SB6_SS24_FuturaSkateboard_Purple_Comp_720x.jpg?v=1707933461', 'https://us.supreme.com/cdn/shop/files/SB6_SS24_FuturaSkateboard_Silver_Comp_720x.jpg?v=1707753534', 'https://us.supreme.com/cdn/shop/files/SB6_SS24_FuturaSkateboard_Olive_Comp_720x.jpg?v=1707753570', 'https://us.supreme.com/cdn/shop/files/SB6_SS24_FuturaSkateboard_Black_Comp_720x.jpg?v=1707753583']"
Routed Box Logo Skateboard,Supreme skate deck with natural veneer. Routed logo on bottom with printed World Famous and box logo on top.,$60,"['https://us.supreme.com/cdn/shop/files/SB13_RoutedBoxLogoSB_White_Comp_720x.jpg?v=1707231011', 'https://us.supreme.com/cdn/shop/files/SB13_RoutedBoxLogoSB_Black_Comp_720x.jpg?v=1707231025']"
Supreme®/Spitfire® Shop Wheels (Set of 4),"Classic Spitfire® wheels with custom Supreme art. Each size sold separately as a set of four wheels. 52mm, 53mm & 54mm wheels are classic 99D hard urethane. Made exclusively for Supreme.",$36,"['https://us.supreme.com/cdn/shop/products/A92_SS23_SpitfireShopWheel_Black_Group_720x.jpg?v=1676334989', 'https://us.supreme.com/cdn/shop/products/rfzWqznnu2k_720x.jpg?v=1671834322', 'https://us.supreme.com/cdn/shop/products/IB9-_dOEUX4_720x.jpg?v=1671834324']"
Supreme®/Independent® Truck,Classic Independent® truck with custom Supreme art. Each size sold separately as a pair of two trucks. Made exclusively for Supreme.,$60,['https://us.supreme.com/cdn/shop/files/A90_SS23_IndipendantTruck_silver03B_f9cbf048-eb44-42da-9df5-485ea2b75742_720x.jpg?v=1694635880']
